"lakeid","year4","daynum","sampledate","depth","rep","sta","event","ph","phair","alk","dic","tic","doc","toc","no3no2","no2","nh4","totnf","totnuf","totpf","totpuf","drsif","brsif","brsiuf","tpm","totnuf_sloh","no3no2_sloh","nh4_sloh","kjdl_n_sloh","totpuf_sloh","drp_sloh","drsif_sloh","flagdepth","flagph","flagphair","flagalk","flagdic","flagtic","flagdoc","flagtoc","flagno3no2","flagno2","flagnh4","flagtotnf","flagtotnuf","flagtotpf","flagtotpuf","flagdrsif","flagbrsif","flagbrsiuf","flagtpm","flagtotnuf_sloh","flagno3no2_sloh","flagnh4_sloh","flagkjdl_n_sloh","flagtotpuf_sloh","flagdrp_sloh","flagdrsif_sloh","kz","flux"
"ME",2014,134,2014-05-14,4,1,1,NA,8.21,8.38,NA,38.08,41.69,4.57,4.67,NA,NA,NA,NA,NA,NA,NA,NA,NA,NA,NA,NA,0.71,0,0.73,0.08,0.02,0.05,NA,NA,NA,NA,NA,NA,NA,NA,NA,NA,NA,NA,NA,NA,NA,NA,NA,NA,NA,NA,"Q","S","Q","Q","Q","Q",3.16e-05,""
"ME",2014,134,2014-05-14,8,1,1,NA,8.17,8.34,NA,39.4,38.64,4.47,4.63,NA,NA,NA,NA,NA,NA,NA,NA,NA,NA,NA,NA,NA,NA,NA,NA,NA,NA,NA,NA,NA,NA,NA,NA,NA,NA,NA,NA,NA,NA,NA,NA,NA,NA,NA,NA,NA,NA,NA,NA,NA,NA,NA,NA,6.08e-05,""
"ME",2014,134,2014-05-14,12,1,1,NA,8.03,8.33,NA,37.2,38.74,4.6,4.62,NA,NA,NA,NA,NA,NA,NA,NA,NA,NA,NA,NA,NA,NA,NA,NA,NA,NA,NA,NA,NA,NA,NA,NA,NA,NA,NA,NA,NA,NA,NA,NA,NA,NA,NA,NA,NA,NA,NA,NA,NA,NA,NA,NA,7.32e-05,""
"ME",2014,134,2014-05-14,16,1,1,NA,7.65,8.24,NA,39.06,41.56,4.58,4.66,NA,NA,NA,NA,NA,NA,NA,NA,NA,NA,NA,NA,NA,NA,NA,NA,NA,NA,NA,NA,NA,NA,NA,NA,NA,NA,NA,NA,NA,NA,NA,NA,NA,NA,NA,NA,NA,NA,NA,NA,NA,NA,NA,NA,5.95e-05,""
"ME",2014,134,2014-05-14,20,1,1,NA,7.63,8.18,NA,41.71,42.75,4.59,4.63,NA,NA,NA,NA,NA,NA,NA,NA,NA,NA,NA,NA,0.72,0.14,0.73,0.09,0.05,0.26,NA,NA,NA,NA,NA,NA,NA,NA,NA,NA,NA,NA,NA,NA,NA,NA,NA,NA,NA,NA,"Q","Q","Q","Q","Q","Q",3.69e-05,""
"ME",2014,160,2014-06-09,4,1,1,NA,8.39,8.38,NA,41.81,42.83,4.97,5.04,NA,NA,NA,NA,NA,NA,NA,NA,NA,NA,NA,NA,0.4,0.05,0.8,0.04,0.01,NA,NA,NA,NA,NA,NA,NA,NA,NA,NA,NA,NA,NA,NA,NA,NA,NA,NA,NA,NA,NA,"Q","Q","Q","Q","Q",NA,1.49e-05,""
"ME",2014,160,2014-06-09,8,1,1,NA,8.15,8,NA,45.34,45.62,4.7,4.65,NA,NA,NA,NA,NA,NA,NA,NA,NA,NA,NA,NA,0.63,0.21,0.85,0.06,0.04,NA,NA,NA,NA,NA,NA,NA,NA,NA,NA,NA,NA,NA,NA,NA,NA,NA,NA,NA,NA,NA,"Q","Q","Q","Q","Q",NA,1.07e-05,""
"ME",2014,160,2014-06-09,10,1,1,NA,8.04,7.93,NA,44.54,48.48,4.41,4.59,NA,NA,NA,NA,NA,NA,NA,NA,NA,NA,NA,NA,0.65,0.25,0.83,0.08,0.06,NA,NA,NA,NA,NA,NA,NA,NA,NA,NA,NA,NA,NA,NA,NA,NA,NA,NA,NA,NA,NA,"Q","Q","Q","Q","Q",NA,1.04e-05,""
"ME",2014,160,2014-06-09,12,1,1,NA,7.95,7.89,NA,48.1,45.55,4.38,4.44,NA,NA,NA,NA,NA,NA,NA,NA,NA,NA,NA,NA,0.65,0.24,0.83,0.08,0.07,NA,NA,NA,NA,NA,NA,NA,NA,NA,NA,NA,NA,NA,NA,NA,NA,NA,NA,NA,NA,NA,"Q","Q","Q","Q","Q",NA,1.02e-05,""
"ME",2014,160,2014-06-09,14,1,1,NA,7.88,7.82,NA,52.27,44.8,4.48,4.61,NA,NA,NA,NA,NA,NA,NA,NA,NA,NA,NA,NA,0.63,0.33,0.89,0.1,0.08,NA,NA,NA,NA,NA,NA,NA,NA,NA,NA,NA,NA,NA,NA,NA,NA,NA,NA,NA,NA,NA,"Q","Q","Q","Q","Q",NA,8.47e-06,""
"ME",2014,160,2014-06-09,16,1,1,NA,7.82,7.77,NA,46.34,48.55,4.48,4.45,NA,NA,NA,NA,NA,NA,NA,NA,NA,NA,NA,NA,0.62,0.33,0.96,0.1,0.08,NA,NA,NA,NA,NA,NA,NA,NA,NA,NA,NA,NA,NA,NA,NA,NA,NA,NA,NA,NA,NA,"Q","Q","Q","Q","Q",NA,8.72e-06,""
"ME",2014,160,2014-06-09,18,1,1,NA,7.76,7.75,NA,47.3,46.66,4.45,4.5,NA,NA,NA,NA,NA,NA,NA,NA,NA,NA,NA,NA,0.59,0.41,0.99,0.12,0.1,NA,NA,NA,NA,NA,NA,NA,NA,NA,NA,NA,NA,NA,NA,NA,NA,NA,NA,NA,NA,NA,"Q","Q","Q","Q","Q",NA,1.07e-05,""
"ME",2014,160,2014-06-09,20,1,1,NA,7.65,7.72,NA,49.35,44.9,4.48,4.38,NA,NA,NA,NA,NA,NA,NA,NA,NA,NA,NA,NA,0.51,0.55,1.12,0.16,0.14,NA,NA,NA,NA,NA,NA,NA,NA,NA,NA,NA,NA,NA,NA,NA,NA,NA,NA,NA,NA,NA,"Q","Q","Q","Q","Q",NA,1.06e-05,""
"ME",2014,160,2014-06-09,22,1,1,NA,7.63,7.63,NA,45.69,50.24,4.46,4.39,NA,NA,NA,NA,NA,NA,NA,NA,NA,NA,NA,NA,0.51,0.57,1.19,0.17,0.13,NA,NA,NA,NA,NA,NA,NA,NA,NA,NA,NA,NA,NA,NA,NA,NA,NA,NA,NA,NA,NA,"Q","Q","Q","Q","Q",NA,6.97e-06,""
"ME",2014,174,2014-06-23,4,1,1,NA,NA,NA,NA,NA,NA,NA,NA,NA,NA,NA,NA,NA,NA,NA,NA,NA,NA,NA,NA,0.25,0.07,0.94,0.03,0,NA,NA,NA,NA,NA,NA,NA,NA,NA,NA,NA,NA,NA,NA,NA,NA,NA,NA,NA,NA,NA,"Q","Q","Q","Q","S",NA,1.73e-05,""
"ME",2014,188,2014-07-07,4,1,1,NA,8.91,8.84,NA,35.35,36.2,4.74,4.85,NA,NA,NA,NA,NA,NA,NA,NA,NA,NA,NA,NA,0.11,0.02,0.84,0.04,0,NA,NA,NA,NA,NA,NA,NA,NA,NA,NA,NA,NA,NA,NA,NA,NA,NA,NA,NA,NA,NA,"Q","Q","Q","Q","S",NA,4.13e-05,""
"ME",2014,188,2014-07-07,8,1,1,NA,8.31,8.54,NA,38.96,41.85,4.38,4.75,NA,NA,NA,NA,NA,NA,NA,NA,NA,NA,NA,NA,0.4,0.23,0.69,0.03,0.01,NA,NA,NA,NA,NA,NA,NA,NA,NA,NA,NA,NA,NA,NA,NA,NA,NA,NA,NA,NA,NA,"Q","Q","Q","Q","Q",NA,6.92e-05,""
"ME",2014,188,2014-07-07,10,1,1,NA,7.87,8.44,NA,43.9,50.83,4.2,4.29,NA,NA,NA,NA,NA,NA,NA,NA,NA,NA,NA,NA,0.68,0.24,0.65,0.08,0.05,NA,NA,NA,NA,NA,NA,NA,NA,NA,NA,NA,NA,NA,NA,NA,NA,NA,NA,NA,NA,NA,"Q","Q","Q","Q","Q",NA,7.71e-05,""
"ME",2014,188,2014-07-07,12,1,1,NA,7.74,8.44,NA,43.1,49.56,4.39,4.49,NA,NA,NA,NA,NA,NA,NA,NA,NA,NA,NA,NA,0.88,0.13,0.61,0.12,0.09,NA,NA,NA,NA,NA,NA,NA,NA,NA,NA,NA,NA,NA,NA,NA,NA,NA,NA,NA,NA,NA,"Q","Q","Q","Q","Q",NA,7.85e-05,""
"ME",2014,188,2014-07-07,14,1,1,NA,7.68,8.43,NA,43.72,46.76,4.49,4.4,NA,NA,NA,NA,NA,NA,NA,NA,NA,NA,NA,NA,0.83,0.24,0.82,0.16,0.13,NA,NA,NA,NA,NA,NA,NA,NA,NA,NA,NA,NA,NA,NA,NA,NA,NA,NA,NA,NA,NA,"Q","Q","Q","Q","Q",NA,7.56e-05,""
"ME",2014,188,2014-07-07,16,1,1,NA,7.6,8.41,NA,44.52,47.54,4.31,4.23,NA,NA,NA,NA,NA,NA,NA,NA,NA,NA,NA,NA,0.48,0.55,1.19,0.22,0.17,NA,NA,NA,NA,NA,NA,NA,NA,NA,NA,NA,NA,NA,NA,NA,NA,NA,NA,NA,NA,NA,"Q","Q","Q","Q","Q",NA,6.63e-05,""
"ME",2014,188,2014-07-07,18,1,1,NA,7.56,8.43,NA,45.17,53.04,4.26,4.39,NA,NA,NA,NA,NA,NA,NA,NA,NA,NA,NA,NA,0.06,0.86,1.39,0.28,0.22,NA,NA,NA,NA,NA,NA,NA,NA,NA,NA,NA,NA,NA,NA,NA,NA,NA,NA,NA,NA,NA,"Q","Q","Q","Q","Q",NA,5.28e-05,""
"ME",2014,188,2014-07-07,20,1,1,NA,7.59,8.39,NA,44.45,48.32,4.09,4.55,NA,NA,NA,NA,NA,NA,NA,NA,NA,NA,NA,NA,0,0.97,1.46,0.3,0.21,NA,NA,NA,NA,NA,NA,NA,NA,NA,NA,NA,NA,NA,NA,NA,NA,NA,NA,NA,NA,NA,"S","Q","Q","Q","Q",NA,4.57e-05,""
"ME",2014,188,2014-07-07,22,1,1,NA,7.61,8.41,NA,52.52,44.64,4.21,4.42,NA,NA,NA,NA,NA,NA,NA,NA,NA,NA,NA,NA,0,1.09,1.56,0.31,0.25,NA,NA,NA,NA,NA,NA,NA,NA,NA,NA,NA,NA,NA,NA,NA,NA,NA,NA,NA,NA,NA,"S","Q","Q","Q","Q",NA,3.89e-05,""
"ME",2014,202,2014-07-21,4,1,1,NA,NA,NA,NA,NA,NA,NA,NA,NA,NA,NA,NA,NA,NA,NA,NA,NA,NA,NA,NA,0,0.03,0.82,0.03,0,NA,NA,NA,NA,NA,NA,NA,NA,NA,NA,NA,NA,NA,NA,NA,NA,NA,NA,NA,NA,NA,"S","Q","Q","Q","S",NA,5.07e-05,""
"ME",2014,216,2014-08-04,4,1,1,NA,8.85,8.89,3291,35.88,35.98,4.74,5.06,NA,NA,NA,478,628,11,29,507,NA,NA,NA,NA,0,0,0.83,0.03,0,NA,NA,NA,NA,NA,NA,NA,NA,NA,NA,NA,NA,NA,NA,NA,NA,NA,NA,NA,NA,NA,"S","S",NA,NA,"S",NA,2.01e-05,""
"ME",2014,216,2014-08-04,6,1,1,NA,8.73,8.79,3345,40.23,36.95,4.64,4.79,NA,NA,NA,471,985,10,32,518,NA,NA,NA,NA,NA,NA,NA,NA,NA,NA,NA,NA,NA,NA,NA,NA,NA,NA,NA,NA,NA,"E",NA,"E",NA,"E",NA,NA,NA,NA,NA,NA,NA,NA,NA,NA,1.35e-05,""
"ME",2014,216,2014-08-04,8,1,1,NA,8.45,8.61,3401,39.02,41.44,4.5,4.59,NA,NA,NA,549,599,10,26,545,NA,NA,NA,NA,0.05,0.05,0.78,0.03,0,NA,NA,NA,NA,NA,NA,NA,NA,NA,NA,NA,NA,NA,NA,NA,NA,NA,NA,NA,NA,NA,NA,NA,NA,NA,"S",NA,1.13e-05,""
"ME",2014,216,2014-08-04,10,1,1,NA,7.74,8.4,NA,47.21,47.52,4.66,4.71,NA,NA,NA,NA,NA,NA,NA,NA,NA,NA,NA,NA,0.44,0.19,0.86,0.02,0,NA,NA,NA,NA,NA,NA,NA,NA,NA,NA,NA,NA,NA,NA,NA,NA,NA,NA,NA,NA,NA,NA,NA,NA,NA,"S",NA,1.06e-05,""
"ME",2014,216,2014-08-04,12,1,1,NA,7.64,8.43,3841,52.05,46.52,4.55,4.76,NA,NA,NA,1266,1270,87,93,655,NA,NA,NA,NA,0.51,0.33,1,0.1,0.08,NA,NA,NA,NA,NA,NA,NA,NA,NA,NA,NA,NA,NA,NA,NA,"E",NA,NA,NA,NA,NA,NA,NA,NA,NA,NA,NA,1.02e-05,""
"ME",2014,216,2014-08-04,14,1,1,NA,7.59,8.35,NA,50.02,49.19,4.27,4.54,NA,NA,NA,NA,NA,NA,NA,NA,NA,NA,NA,NA,0.39,0.51,1.07,0.16,0.14,NA,NA,NA,NA,NA,NA,NA,NA,NA,NA,NA,NA,NA,NA,NA,NA,NA,NA,NA,NA,NA,NA,NA,NA,NA,NA,NA,8.36e-06,""
"ME",2014,216,2014-08-04,16,1,1,NA,7.56,8.48,3950,49.92,51.98,4.57,4.68,NA,NA,NA,1388,1431,242,243,1045,NA,NA,NA,NA,0.03,0.89,1.5,0.25,0.22,NA,NA,NA,NA,NA,NA,NA,NA,NA,NA,NA,NA,NA,NA,NA,NA,NA,NA,NA,NA,NA,NA,NA,NA,NA,NA,NA,8.7e-06,""
"ME",2014,216,2014-08-04,18,1,1,NA,7.55,8.31,NA,52.56,50.02,4.65,4.58,NA,NA,NA,NA,NA,NA,NA,NA,NA,NA,NA,NA,0,1.19,1.73,0.29,0.25,NA,NA,NA,NA,NA,NA,NA,NA,NA,NA,NA,NA,NA,NA,NA,NA,NA,NA,NA,NA,NA,"S",NA,NA,NA,NA,NA,8.08e-06,""
"ME",2014,216,2014-08-04,20,1,1,NA,7.5,8.38,3728,51.71,52.39,4.53,4.53,NA,NA,NA,2133,2162,368,382,1438,NA,NA,NA,NA,0,1.66,2.27,0.38,0.34,NA,NA,NA,NA,NA,NA,NA,NA,NA,NA,NA,NA,NA,NA,NA,NA,NA,NA,NA,NA,NA,"S",NA,NA,NA,NA,NA,6.91e-06,""
"ME",2014,216,2014-08-04,22,1,1,NA,7.5,8.33,4037,56.98,55.5,4.55,4.75,NA,NA,NA,2255,2261,385,394,1453,NA,NA,NA,NA,0,1.76,2.38,0.39,0.35,NA,NA,NA,NA,NA,NA,NA,NA,NA,NA,NA,NA,NA,NA,"N","N",NA,NA,NA,NA,NA,"S",NA,NA,NA,NA,NA,9.22e-06,""
"ME",2014,232,2014-08-20,4,1,1,NA,NA,NA,NA,NA,NA,NA,NA,NA,NA,NA,NA,NA,NA,NA,NA,NA,NA,NA,NA,0,0,0.84,0.03,0,NA,NA,NA,NA,NA,NA,NA,NA,NA,NA,NA,NA,NA,NA,NA,NA,NA,NA,NA,NA,NA,"S","S",NA,NA,"S",NA,4.3e-05,""
"ME",2014,245,2014-09-02,4,1,1,NA,8.79,8.78,NA,36.95,35.24,4.81,4.9,NA,NA,NA,NA,NA,NA,NA,NA,NA,NA,NA,NA,0,0,0.68,0.02,0,NA,NA,NA,NA,NA,NA,NA,NA,NA,NA,NA,NA,NA,NA,NA,NA,NA,NA,NA,NA,NA,"S","S",NA,NA,"S",NA,6.04e-05,""
"ME",2014,245,2014-09-02,8,1,1,NA,8.76,8.75,NA,35.76,36.39,4.77,4.94,NA,NA,NA,NA,NA,NA,NA,NA,NA,NA,NA,NA,0,0,0.81,0.02,0,NA,NA,NA,NA,NA,NA,NA,NA,NA,NA,NA,NA,NA,NA,NA,NA,NA,NA,NA,NA,NA,"S","S",NA,NA,"S",NA,0.000138,""
"ME",2014,245,2014-09-02,10,1,1,NA,7.77,8.48,NA,40.89,44.26,4.64,4.69,NA,NA,NA,NA,NA,NA,NA,NA,NA,NA,NA,NA,0,0.32,0.88,0.02,0,NA,NA,NA,NA,NA,NA,NA,NA,NA,NA,NA,NA,NA,NA,NA,NA,NA,NA,NA,NA,NA,"S",NA,NA,NA,"S",NA,0.000111,""
"ME",2014,245,2014-09-02,12,1,1,NA,7.62,8.43,NA,48.37,50.24,4.69,4.72,NA,NA,NA,NA,NA,NA,NA,NA,NA,NA,NA,NA,0,0.74,1.29,0.12,0.09,NA,NA,NA,NA,NA,NA,NA,NA,NA,NA,NA,NA,NA,NA,NA,NA,NA,NA,NA,NA,NA,"S",NA,NA,NA,NA,NA,3.59e-05,""
"ME",2014,245,2014-09-02,14,1,1,NA,7.59,8.36,NA,41.25,48.19,4.66,4.85,NA,NA,NA,NA,NA,NA,NA,NA,NA,NA,NA,NA,0,0.79,1.35,0.17,0.14,NA,NA,NA,NA,NA,NA,NA,NA,NA,NA,NA,NA,NA,NA,NA,NA,NA,NA,NA,NA,NA,"S",NA,NA,NA,NA,NA,2.42e-05,""
"ME",2014,245,2014-09-02,16,1,1,NA,7.53,8.45,NA,48.7,55.7,4.8,5,NA,NA,NA,NA,NA,NA,NA,NA,NA,NA,NA,NA,0,1.19,1.59,0.26,0.23,NA,NA,NA,NA,NA,NA,NA,NA,NA,NA,NA,NA,NA,NA,NA,NA,NA,NA,NA,NA,NA,"S",NA,NA,NA,NA,NA,2.31e-05,""
"ME",2014,245,2014-09-02,18,1,1,NA,7.48,8.39,NA,54.81,46.92,4.63,4.72,NA,NA,NA,NA,NA,NA,NA,NA,NA,NA,NA,NA,0,1.47,2.09,0.32,0.29,NA,NA,NA,NA,NA,"A",NA,NA,NA,NA,NA,NA,NA,NA,NA,NA,NA,NA,NA,NA,NA,"S",NA,NA,NA,NA,NA,3.63e-05,""
"ME",2014,245,2014-09-02,20,1,1,NA,7.46,8.38,NA,48.03,54.07,4.78,5.02,NA,NA,NA,NA,NA,NA,NA,NA,NA,NA,NA,NA,0,1.79,2.23,0.37,0.33,NA,NA,NA,NA,NA,NA,NA,NA,NA,NA,NA,NA,NA,NA,NA,NA,NA,NA,NA,NA,NA,"S",NA,NA,NA,NA,NA,0.000196,""
"ME",2014,245,2014-09-02,22,1,1,NA,7.43,8.37,NA,49.07,49.16,4.79,4.94,NA,NA,NA,NA,NA,NA,NA,NA,NA,NA,NA,NA,0,2.12,2.59,0.44,0.4,NA,NA,NA,NA,NA,NA,NA,NA,NA,NA,NA,NA,NA,NA,NA,NA,NA,NA,NA,NA,NA,"S",NA,NA,NA,NA,NA,0.000565,""
"ME",2014,271,2014-09-28,4,1,1,NA,8.78,8.79,NA,35.89,39.12,4.44,4.53,NA,NA,NA,NA,NA,NA,NA,NA,NA,NA,NA,NA,NA,NA,NA,NA,NA,NA,NA,NA,NA,NA,NA,NA,NA,NA,NA,NA,NA,NA,NA,NA,NA,NA,NA,NA,NA,NA,NA,NA,NA,NA,NA,NA,2.74e-05,""
"ME",2014,271,2014-09-28,8,1,1,NA,8.63,8.65,NA,36.82,37.93,4.36,4.69,NA,NA,NA,NA,NA,NA,NA,NA,NA,NA,NA,NA,NA,NA,NA,NA,NA,NA,NA,NA,NA,NA,NA,NA,NA,NA,NA,NA,NA,NA,NA,NA,NA,NA,NA,NA,NA,NA,NA,NA,NA,NA,NA,NA,6.99e-05,""
"ME",2014,271,2014-09-28,20,1,1,NA,7.37,8.28,NA,55.5,57.32,4.4,4.57,NA,NA,NA,NA,NA,NA,NA,NA,NA,NA,NA,NA,NA,NA,NA,NA,NA,NA,NA,NA,NA,NA,NA,NA,NA,NA,NA,NA,NA,NA,NA,NA,NA,NA,NA,NA,NA,NA,NA,NA,NA,NA,NA,NA,6.83e-09,""
"ME",2014,303,2014-10-30,4,1,1,NA,8.16,8.33,3359,32.21,53.68,4.16,4.75,NA,NA,NA,908,982,77,91,423,NA,NA,NA,NA,0.04,0.38,1.02,0.09,0.06,NA,NA,NA,NA,NA,NA,NA,NA,NA,NA,NA,NA,NA,NA,NA,NA,NA,NA,NA,NA,NA,NA,NA,NA,NA,NA,NA,5.42e-05,""
"ME",2014,303,2014-10-30,8,1,1,NA,8.14,8.31,NA,46.06,50.95,4.41,4.48,NA,NA,NA,NA,NA,NA,NA,NA,NA,NA,NA,NA,NA,NA,NA,NA,NA,NA,NA,NA,NA,NA,NA,NA,NA,NA,NA,NA,NA,NA,NA,NA,NA,NA,NA,NA,NA,NA,NA,NA,NA,NA,NA,NA,4.77e-05,""
"ME",2014,303,2014-10-30,20,1,1,NA,8.08,8.29,3652,46.61,46.95,4.26,4.34,NA,NA,NA,881,949,70,96,450,NA,NA,NA,NA,0.05,0.4,0.95,0.1,0.06,NA,NA,NA,NA,NA,NA,NA,NA,NA,NA,NA,NA,NA,NA,NA,NA,NA,NA,NA,NA,NA,NA,NA,NA,NA,NA,NA,0.000288,""
"ME",2015,42,2015-02-11,4,1,1,NA,8.14,8.24,NA,45.12,46.22,4.39,4.57,NA,NA,NA,NA,NA,NA,NA,NA,NA,NA,NA,1.28,0.394,0.279,0.938,0.092,0.067,NA,NA,NA,NA,NA,NA,NA,NA,NA,NA,NA,NA,NA,NA,NA,NA,NA,NA,NA,NA,"Q","Q","Q","Q","Q","Q",NA,2.2e-12,""
"ME",2015,42,2015-02-11,8,1,1,NA,8.11,8.22,3837,37.4,38.19,4.67,4.75,NA,NA,NA,1095,1101,79,93,21,NA,NA,NA,1.31,0.395,0.276,0.923,0.091,0.067,NA,NA,NA,NA,NA,NA,NA,NA,NA,NA,NA,NA,NA,NA,NA,NA,NA,NA,NA,NA,"Q","Q","Q","Q","Q","Q",NA,1.05e-12,""
"ME",2015,42,2015-02-11,12,1,1,NA,NA,NA,NA,NA,NA,NA,NA,NA,NA,NA,NA,NA,NA,NA,NA,NA,NA,NA,1.34,0.433,0.278,0.722,0.094,0.07,NA,NA,NA,NA,NA,NA,NA,NA,NA,NA,NA,NA,NA,NA,NA,NA,NA,NA,NA,NA,"Q","Q","Q","Q","Q","Q",NA,1.02e-10,""
"ME",2015,42,2015-02-11,16,1,1,NA,NA,NA,NA,NA,NA,NA,NA,NA,NA,NA,NA,NA,NA,NA,NA,NA,NA,NA,1.82,0.648,0.512,1.23,0.14,0.115,NA,NA,NA,NA,NA,NA,NA,NA,NA,NA,NA,NA,NA,NA,NA,NA,NA,NA,NA,NA,"Q","Q","Q","Q","Q","Q",NA,1.85e-08,""
"ME",2015,42,2015-02-11,20,1,1,NA,7.61,8.13,4284,41.65,43.24,4.34,4.41,NA,NA,NA,2210,2605,219,256,1297,NA,NA,NA,2.5,0.844,0.839,1.68,0.239,0.196,NA,NA,NA,NA,NA,NA,NA,NA,NA,NA,NA,NA,NA,NA,NA,NA,NA,NA,NA,NA,"Q","Q","Q","Q","Q","Q",NA,1.16e-06,""
"ME",2015,100,2015-04-10,4,1,1,NA,NA,NA,NA,NA,NA,NA,NA,NA,NA,NA,NA,NA,NA,NA,NA,NA,NA,NA,1.33,0.715,0,0.802,0.108,0.029,NA,NA,NA,NA,NA,NA,NA,NA,NA,NA,NA,NA,NA,NA,NA,NA,NA,NA,NA,NA,NA,NA,"S",NA,NA,NA,NA,0.000796,""
"ME",2015,114,2015-04-24,4,1,1,NA,8.34,8.53,NA,36.54,53.5,4.63,4.69,NA,NA,NA,NA,NA,NA,NA,NA,NA,NA,NA,NA,0.629,0.031,0.988,0.092,0.033,NA,NA,NA,NA,NA,NA,NA,NA,NA,NA,NA,NA,NA,NA,NA,NA,NA,NA,NA,NA,NA,NA,NA,NA,NA,NA,NA,1.98e-05,""
"ME",2015,114,2015-04-24,8,1,1,NA,8.32,8.51,3111,50.81,53.11,4.48,4.7,NA,NA,NA,1102,1322,49,93,13,NA,NA,NA,NA,0.647,0.037,0.978,0.081,0.034,NA,NA,NA,NA,NA,NA,NA,NA,NA,NA,NA,NA,NA,NA,NA,NA,"N",NA,NA,NA,NA,NA,NA,NA,NA,NA,NA,1.92e-05,""
"ME",2015,114,2015-04-24,12,1,1,NA,8.3,8.49,NA,37.83,52.11,4.81,5.06,NA,NA,NA,NA,NA,NA,NA,NA,NA,NA,NA,NA,0.627,0.042,0.864,0.079,0.033,NA,NA,NA,NA,NA,NA,NA,NA,NA,NA,NA,NA,NA,NA,NA,NA,NA,NA,NA,NA,NA,NA,NA,NA,NA,NA,NA,4.9e-05,""
"ME",2015,114,2015-04-24,16,1,1,NA,8.25,8.45,NA,51.06,51.79,4.65,4.96,NA,NA,NA,NA,NA,NA,NA,NA,NA,NA,NA,NA,0.639,0.042,0.908,0.079,0.034,NA,NA,NA,NA,NA,NA,NA,NA,NA,NA,NA,NA,NA,NA,NA,NA,NA,NA,NA,NA,NA,NA,NA,NA,NA,NA,NA,7.2e-05,""
"ME",2015,114,2015-04-24,20,1,1,NA,8.26,8.48,3850,38.94,52.38,4.68,4.74,NA,NA,NA,1104,1287,45,78,25,NA,NA,NA,NA,0.632,0.043,0.907,0.075,0.035,NA,NA,NA,NA,NA,NA,NA,NA,NA,NA,NA,NA,NA,NA,NA,NA,NA,NA,NA,NA,NA,NA,NA,NA,NA,NA,NA,0.000458,""
"ME",2015,121,2015-05-01,4,1,1,NA,NA,NA,NA,NA,NA,NA,NA,NA,NA,NA,NA,NA,NA,NA,NA,NA,NA,NA,1.32,0.58,0,NA,0.078,0.026,NA,NA,NA,NA,NA,NA,NA,NA,NA,NA,NA,NA,NA,NA,NA,NA,NA,NA,NA,NA,NA,NA,"S",NA,NA,NA,NA,2.01e-05,""
"ME",2015,133,2015-05-13,4,1,1,NA,8.69,8.65,NA,37.37,54.89,4.57,4.93,NA,NA,NA,NA,NA,NA,NA,NA,NA,NA,NA,1.23,0.298,0.037,NA,0.075,0.003,NA,NA,NA,NA,NA,NA,NA,NA,NA,NA,NA,NA,NA,NA,NA,NA,NA,NA,NA,NA,NA,NA,NA,NA,NA,NA,NA,7.55e-05,""
"ME",2015,133,2015-05-13,8,1,1,NA,8.66,8.64,NA,47.07,35.57,4.36,5.15,NA,NA,NA,NA,NA,NA,NA,NA,NA,NA,NA,NA,NA,NA,NA,NA,NA,NA,NA,NA,NA,NA,NA,NA,NA,NA,NA,NA,NA,NA,NA,NA,NA,NA,NA,NA,NA,NA,NA,NA,NA,NA,NA,NA,4.57e-05,""
"ME",2015,133,2015-05-13,12,1,1,NA,8.32,8.4,NA,42.49,36.28,4.95,4.41,NA,NA,NA,NA,NA,NA,NA,NA,NA,NA,NA,NA,NA,NA,NA,NA,NA,NA,NA,NA,NA,NA,NA,NA,NA,NA,NA,NA,NA,NA,NA,NA,NA,NA,NA,NA,NA,NA,NA,NA,NA,NA,NA,NA,3.25e-05,""
"ME",2015,133,2015-05-13,16,1,1,NA,8.19,8.34,NA,51,52.66,4.92,4.73,NA,NA,NA,NA,NA,NA,NA,NA,NA,NA,NA,NA,NA,NA,NA,NA,NA,NA,NA,NA,NA,NA,NA,NA,NA,NA,NA,NA,NA,NA,NA,NA,NA,NA,NA,NA,NA,NA,NA,NA,NA,NA,NA,NA,0.000184,""
"ME",2015,133,2015-05-13,20,1,1,NA,8.18,8.33,NA,52.58,57.34,4.17,4.98,NA,NA,NA,NA,NA,NA,NA,NA,NA,NA,NA,1.29,0.531,0.161,NA,0.087,0.05,NA,NA,NA,NA,NA,NA,NA,NA,NA,NA,NA,NA,NA,NA,NA,NA,NA,NA,NA,NA,NA,NA,NA,NA,NA,NA,NA,0.00012,""
"ME",2015,147,2015-05-27,4,1,1,NA,NA,NA,NA,NA,NA,NA,NA,NA,NA,NA,NA,NA,NA,NA,NA,NA,NA,NA,1,0.219,0.144,NA,0.057,0.019,NA,NA,NA,NA,NA,NA,NA,NA,NA,NA,NA,NA,NA,NA,NA,NA,NA,NA,NA,NA,NA,NA,NA,NA,NA,NA,NA,5.23e-05,""
"ME",2015,159,2015-06-08,4,1,1,NA,8.58,8.74,NA,43.22,43.24,5.66,5.91,NA,NA,NA,NA,NA,NA,NA,NA,NA,NA,NA,1.02,0.256,0.099,NA,0.049,0.025,NA,NA,NA,NA,NA,NA,NA,NA,NA,NA,NA,NA,NA,NA,NA,NA,NA,NA,NA,NA,NA,NA,NA,NA,NA,NA,NA,3.7e-05,""
"ME",2015,159,2015-06-08,8,1,1,NA,8.4,8.67,NA,43.6,43.62,5.32,5.36,NA,NA,NA,NA,NA,NA,NA,NA,NA,NA,NA,1.09,0.256,0.231,NA,0.058,0.043,NA,NA,NA,NA,NA,NA,NA,NA,NA,NA,NA,NA,NA,NA,NA,NA,NA,NA,NA,NA,NA,NA,NA,NA,NA,NA,NA,4.35e-05,""
"ME",2015,159,2015-06-08,10,1,1,NA,8.22,8.54,NA,43.48,44.39,4.99,5.36,NA,NA,NA,NA,NA,NA,NA,NA,NA,NA,NA,1.21,0.284,0.339,NA,0.089,0.074,NA,NA,NA,NA,NA,NA,NA,NA,NA,NA,NA,NA,NA,NA,NA,NA,NA,NA,NA,NA,NA,NA,NA,NA,NA,NA,NA,4.93e-05,""
"ME",2015,159,2015-06-08,12,1,1,NA,8.14,8.49,NA,44.54,44.61,4.96,5.16,NA,NA,NA,NA,NA,NA,NA,NA,NA,NA,NA,1.26,0.331,0.395,NA,0.108,0.096,NA,NA,NA,NA,NA,NA,NA,NA,NA,NA,NA,NA,NA,NA,NA,NA,NA,NA,NA,NA,NA,NA,NA,NA,NA,NA,NA,5.18e-05,""
"ME",2015,159,2015-06-08,14,1,1,NA,7.97,8.52,NA,44.64,44.75,4.99,5.09,NA,NA,NA,NA,NA,NA,NA,NA,NA,NA,NA,NA,NA,NA,NA,NA,NA,NA,NA,NA,NA,NA,NA,NA,NA,NA,NA,NA,NA,NA,NA,NA,NA,NA,NA,NA,NA,NA,NA,NA,NA,NA,NA,NA,4.53e-05,""
"ME",2015,159,2015-06-08,16,1,1,NA,7.83,8.37,NA,45.29,45.53,4.86,5.17,NA,NA,NA,NA,NA,NA,NA,NA,NA,NA,NA,1.43,0.355,0.433,NA,0.127,0.114,NA,NA,NA,NA,NA,NA,NA,NA,NA,NA,NA,NA,NA,NA,NA,NA,NA,NA,NA,NA,NA,NA,NA,NA,NA,NA,NA,4.71e-05,""
"ME",2015,159,2015-06-08,18,1,1,NA,7.73,8.45,NA,45.81,46.16,5.11,5.36,NA,NA,NA,NA,NA,NA,NA,NA,NA,NA,NA,1.48,0.342,0.539,NA,0.156,0.141,NA,NA,NA,NA,NA,NA,NA,NA,NA,NA,NA,NA,NA,NA,NA,NA,NA,NA,NA,NA,NA,NA,NA,NA,NA,NA,NA,3.73e-05,""
"ME",2015,159,2015-06-08,20,1,1,NA,7.69,8.46,NA,46.18,46.42,4.89,5.07,NA,NA,NA,NA,NA,NA,NA,NA,NA,NA,NA,1.53,0.339,0.576,NA,0.164,0.152,NA,NA,NA,NA,NA,NA,NA,NA,NA,NA,NA,NA,NA,NA,NA,NA,NA,NA,NA,NA,NA,NA,NA,NA,NA,NA,NA,3.05e-05,""
"ME",2015,159,2015-06-08,22,1,1,NA,7.58,8.37,NA,47.06,47.14,4.99,5.26,NA,NA,NA,NA,NA,NA,NA,NA,NA,NA,NA,1.73,0.284,0.763,NA,0.227,0.198,NA,NA,NA,NA,NA,NA,NA,NA,NA,NA,NA,NA,NA,NA,NA,NA,NA,NA,NA,NA,NA,NA,NA,NA,NA,NA,NA,2.57e-05,""
"ME",2015,174,2015-06-23,4,1,1,NA,NA,NA,NA,NA,NA,NA,NA,NA,NA,NA,NA,NA,NA,NA,NA,NA,NA,NA,1.11,0.105,0.041,NA,0.054,0.004,NA,NA,NA,NA,NA,NA,NA,NA,NA,NA,NA,NA,NA,NA,NA,NA,NA,NA,NA,NA,NA,NA,NA,NA,NA,"Q",NA,5.61e-05,""
"ME",2015,189,2015-07-08,4,1,1,NA,8.89,8.91,NA,39.24,39.95,5.28,5.37,NA,NA,NA,NA,NA,NA,NA,NA,NA,NA,NA,0.759,0,0,NA,0.039,0,NA,NA,NA,NA,NA,NA,NA,NA,NA,NA,NA,NA,NA,NA,NA,NA,NA,NA,NA,NA,NA,"S","S",NA,NA,"S",NA,2.09e-05,""
"ME",2015,189,2015-07-08,8,1,1,NA,8.34,8.63,NA,44.05,44.55,5.03,5.24,NA,NA,NA,NA,NA,NA,NA,NA,NA,NA,NA,1.05,0.147,0.28,NA,0.034,0.003,NA,NA,NA,NA,NA,NA,NA,NA,NA,NA,NA,NA,NA,NA,NA,NA,NA,NA,NA,NA,NA,NA,NA,NA,NA,"Q",NA,1.91e-05,""
"ME",2015,189,2015-07-08,10,1,1,NA,7.99,8.51,NA,45.77,46.35,5,5.04,NA,NA,NA,NA,NA,NA,NA,NA,NA,NA,NA,1.35,0.233,0.499,NA,0.105,0.073,NA,NA,NA,NA,NA,NA,NA,NA,NA,NA,NA,NA,NA,NA,NA,NA,NA,NA,NA,NA,NA,NA,NA,NA,NA,"Q",NA,2.15e-05,""
"ME",2015,189,2015-07-08,12,1,1,NA,7.84,8.58,NA,46.35,46.86,4.95,5.07,NA,NA,NA,NA,NA,NA,NA,NA,NA,NA,NA,1.44,0.325,0.534,NA,0.169,0.136,NA,NA,NA,NA,NA,NA,NA,NA,NA,NA,NA,NA,NA,NA,NA,NA,NA,NA,NA,NA,"Q",NA,NA,NA,NA,"Q",NA,2.15e-05,""
"ME",2015,189,2015-07-08,14,1,1,NA,7.82,8.59,NA,46.9,47.41,4.91,5.22,NA,NA,NA,NA,NA,NA,NA,NA,NA,NA,NA,1.53,0.196,0.711,NA,0.207,0.172,NA,NA,NA,NA,NA,NA,NA,NA,NA,NA,NA,NA,NA,NA,NA,NA,NA,NA,NA,NA,NA,NA,NA,NA,NA,"Q",NA,1.79e-05,""
"ME",2015,189,2015-07-08,16,1,1,NA,7.76,8.47,NA,47.65,48.43,4.78,5.01,NA,NA,NA,NA,NA,NA,NA,NA,NA,NA,NA,1.53,0,0.89,NA,0.245,0.206,NA,NA,NA,NA,NA,NA,NA,NA,NA,NA,NA,NA,NA,NA,NA,NA,NA,NA,NA,NA,NA,"S",NA,NA,NA,"Q",NA,1.85e-05,""
"ME",2015,189,2015-07-08,18,1,1,NA,7.7,8.57,NA,49.35,49.63,5.17,5.19,NA,NA,NA,NA,NA,NA,NA,NA,NA,NA,NA,1.96,0,1.36,NA,0.334,0.286,NA,NA,NA,NA,NA,NA,NA,NA,NA,NA,NA,NA,NA,NA,NA,NA,NA,NA,NA,NA,NA,"S",NA,NA,NA,"Q",NA,2.2e-05,""
"ME",2015,189,2015-07-08,20,1,1,NA,7.66,8.58,NA,49.51,50.24,4.81,4.95,NA,NA,NA,NA,NA,NA,NA,NA,NA,NA,NA,1.9,0,1.43,NA,0.351,0.297,NA,NA,NA,NA,NA,NA,NA,NA,NA,NA,NA,NA,NA,NA,NA,NA,NA,NA,NA,NA,NA,"S",NA,NA,NA,"Q",NA,1.7e-05,""
"ME",2015,189,2015-07-08,22,1,1,NA,7.61,8.63,NA,50.58,50.8,5.28,5.42,NA,NA,NA,NA,NA,NA,NA,NA,NA,NA,NA,1.23,0,1.67,NA,0.389,0.337,NA,NA,NA,NA,NA,NA,NA,NA,NA,NA,NA,NA,NA,NA,NA,NA,NA,NA,NA,NA,NA,"S",NA,NA,NA,"Q",NA,1.29e-05,""
"ME",2015,201,2015-07-20,4,1,1,NA,NA,NA,NA,NA,NA,NA,NA,NA,NA,NA,NA,NA,NA,NA,NA,NA,NA,NA,0.757,0,0,NA,0.04,0,NA,NA,NA,NA,NA,NA,NA,NA,NA,NA,NA,NA,NA,NA,NA,NA,NA,NA,NA,NA,NA,"S","S",NA,NA,"S",NA,1.25e-05,""
"ME",2015,215,2015-08-03,4,1,1,NA,8.97,8.96,3664,33.92,34.96,5.56,5.28,NA,NA,NA,464,660,12,31,398,NA,NA,NA,0.713,0,0,0.878,0.028,0,NA,NA,NA,NA,NA,NA,NA,NA,NA,NA,NA,NA,NA,NA,NA,NA,NA,NA,NA,NA,NA,"S","S",NA,NA,"S",NA,0.000205,""
"ME",2015,215,2015-08-03,6,1,1,NA,8.94,8.89,3373,34.1,34.64,5.35,5.39,NA,NA,NA,452,697,9,33,403,NA,NA,NA,NA,NA,NA,NA,NA,NA,NA,NA,NA,NA,NA,NA,NA,NA,NA,NA,NA,NA,NA,NA,NA,NA,NA,NA,NA,NA,NA,NA,NA,NA,NA,NA,NA,0.000243,""
"ME",2015,215,2015-08-03,8,1,1,NA,8.87,8.87,3348,34.43,34.97,5.26,5.08,NA,NA,NA,431,664,9,30,406,NA,NA,NA,0.698,0,0,0.795,0.029,0,NA,NA,NA,NA,NA,NA,NA,NA,NA,NA,NA,NA,NA,NA,NA,NA,"E",NA,NA,NA,NA,"S","S",NA,NA,"S",NA,0.000133,""
"ME",2015,215,2015-08-03,10,1,1,NA,8.15,8.58,NA,41.08,41.67,5.04,5.11,NA,NA,NA,NA,NA,NA,NA,NA,NA,NA,NA,1.03,0,0.385,NA,0.048,0.012,NA,NA,NA,NA,NA,NA,NA,NA,NA,NA,NA,NA,NA,NA,NA,NA,NA,NA,NA,NA,NA,"S",NA,NA,NA,"Q",NA,2.14e-05,""
"ME",2015,215,2015-08-03,12,1,1,NA,7.99,8.51,3930,42.56,43.15,5.08,4.65,NA,NA,NA,1091,1144,105,130,697,NA,NA,NA,1.32,0,0.686,NA,0.13,0.103,NA,NA,NA,NA,NA,NA,NA,NA,NA,NA,NA,NA,NA,NA,NA,NA,NA,NA,NA,NA,NA,"S",NA,NA,NA,"Q",NA,1.96e-05,""
"ME",2015,215,2015-08-03,14,1,1,NA,7.93,8.44,NA,42.85,44.22,5.01,4.81,NA,NA,NA,NA,NA,NA,NA,NA,NA,NA,NA,1.61,0,0.969,NA,NA,0.179,NA,NA,NA,NA,NA,NA,NA,NA,NA,NA,NA,NA,NA,NA,NA,NA,NA,NA,NA,NA,NA,"S",NA,NA,NA,"Q",NA,1.58e-05,""
"ME",2015,215,2015-08-03,16,1,1,NA,7.85,8.41,3731,45.01,45.75,5.3,4.96,NA,NA,NA,1749,1790,262,275,1111,NA,NA,NA,2,0,1.32,NA,NA,0.252,NA,NA,NA,NA,NA,NA,NA,NA,NA,NA,NA,NA,NA,NA,NA,NA,NA,NA,NA,NA,NA,"S",NA,NA,NA,"Q",NA,8.8e-06,""
"ME",2015,215,2015-08-03,18,1,1,NA,7.75,8.32,NA,47.41,47.72,5.06,4.79,NA,NA,NA,NA,NA,NA,NA,NA,NA,NA,NA,2.52,0,1.79,NA,NA,0.332,NA,NA,NA,NA,NA,NA,NA,NA,NA,NA,NA,NA,NA,NA,NA,NA,NA,NA,NA,NA,NA,"S",NA,NA,NA,"Q",NA,5.44e-06,""
"ME",2015,215,2015-08-03,20,1,1,NA,7.72,8.39,4125,46.98,48.19,5.23,4.67,NA,NA,NA,2313,2423,343,363,1773,NA,NA,NA,2.67,0,1.87,2.72,0.383,0.35,NA,NA,NA,NA,NA,NA,NA,NA,NA,NA,NA,NA,"E","E","E","E",NA,NA,NA,NA,NA,"S",NA,NA,NA,"Q",NA,8.09e-06,""
"ME",2015,215,2015-08-03,22,1,1,NA,7.69,8.35,4136,46.96,48.3,5.05,4.79,NA,NA,NA,2448,2601,314,371,1786,NA,NA,NA,2.75,0,1.98,NA,0.402,0.185,NA,NA,NA,NA,NA,NA,NA,NA,NA,NA,NA,NA,NA,NA,"N",NA,NA,NA,NA,NA,NA,"S",NA,NA,NA,"Q",NA,5.56e-06,""
"ME",2015,230,2015-08-18,4,1,1,NA,NA,NA,NA,NA,NA,NA,NA,NA,NA,NA,NA,NA,NA,NA,NA,NA,NA,NA,0.591,0,0.026,NA,0.022,0.003,NA,NA,NA,NA,NA,NA,NA,NA,NA,NA,NA,NA,NA,NA,NA,NA,NA,NA,NA,NA,NA,"S",NA,NA,NA,"Q",NA,3.52e-05,""
"ME",2015,243,2015-08-31,4,1,1,NA,8.68,8.81,NA,38.16,38.31,5.1,5.62,NA,NA,NA,NA,NA,NA,NA,NA,NA,NA,NA,0.607,0,0,NA,0.026,0.002,NA,NA,NA,NA,NA,NA,NA,NA,NA,NA,NA,NA,NA,NA,NA,NA,NA,NA,NA,NA,NA,"S","S",NA,NA,"Q",NA,6.56e-06,""
"ME",2015,243,2015-08-31,8,1,1,NA,8.62,8.69,NA,39.07,38.62,4.78,5.54,NA,NA,NA,NA,NA,NA,NA,NA,NA,NA,NA,0.586,0,0,NA,0.026,0.002,NA,NA,NA,NA,NA,NA,NA,NA,NA,NA,NA,NA,NA,NA,NA,NA,NA,NA,NA,NA,NA,"S","S",NA,NA,"Q",NA,3.83e-06,""
"ME",2015,243,2015-08-31,10,1,1,NA,8.4,8.44,NA,39.44,39.11,5.01,4.93,NA,NA,NA,NA,NA,NA,NA,NA,NA,NA,NA,0.555,0,0.024,NA,0.027,0.002,NA,NA,NA,NA,NA,NA,NA,NA,NA,NA,NA,NA,NA,NA,NA,NA,NA,NA,NA,NA,NA,"S",NA,NA,NA,"Q",NA,3.72e-06,""
"ME",2015,243,2015-08-31,12,1,1,NA,8.07,8.46,NA,47.35,47.7,4.89,4.8,NA,NA,NA,NA,NA,NA,NA,NA,NA,NA,NA,1.45,0,0.864,NA,0.123,0.09,NA,NA,NA,NA,NA,NA,NA,NA,NA,NA,NA,NA,NA,NA,NA,NA,NA,NA,NA,NA,NA,"S",NA,NA,NA,"Q",NA,3.35e-06,""
"ME",2015,243,2015-08-31,14,1,1,NA,7.64,8.25,NA,50.97,50.68,5.01,4.84,NA,NA,NA,NA,NA,NA,NA,NA,NA,NA,NA,1.95,0,1.47,NA,0.274,0.251,NA,NA,NA,NA,NA,NA,NA,NA,NA,NA,NA,NA,NA,NA,NA,NA,NA,NA,NA,NA,NA,"S",NA,NA,NA,"Q",NA,2.44e-06,""
"ME",2015,243,2015-08-31,16,1,1,NA,7.54,8.19,NA,52.67,52.98,5.79,4.79,NA,NA,NA,NA,NA,NA,NA,NA,NA,NA,NA,NA,NA,NA,NA,NA,NA,NA,NA,NA,NA,NA,NA,NA,NA,NA,NA,NA,NA,NA,NA,NA,NA,NA,NA,NA,NA,NA,NA,NA,NA,NA,NA,NA,3.94e-06,""
"ME",2015,243,2015-08-31,18,1,1,NA,7.49,8.15,NA,52.9,53.19,4.93,5.16,NA,NA,NA,NA,NA,NA,NA,NA,NA,NA,NA,2.6,0,2.06,NA,0.369,0.343,NA,NA,NA,NA,NA,NA,NA,NA,NA,NA,NA,NA,NA,NA,NA,NA,NA,NA,NA,NA,NA,"S",NA,NA,NA,"Q",NA,4.09e-06,""
"ME",2015,243,2015-08-31,20,1,1,NA,7.5,8.26,NA,54.63,54.87,4.94,5.06,NA,NA,NA,NA,NA,NA,NA,NA,NA,NA,NA,2.9,0,2.39,NA,0.432,0.387,NA,NA,NA,NA,NA,NA,NA,NA,NA,NA,NA,NA,NA,NA,NA,NA,NA,NA,NA,NA,NA,"S",NA,NA,NA,"Q",NA,4.95e-06,""
"ME",2015,243,2015-08-31,22,1,1,NA,7.84,8.21,NA,55.01,55.98,5,5.73,NA,NA,NA,NA,NA,NA,NA,NA,NA,NA,NA,3.21,0,2.66,NA,0.473,0.452,NA,NA,NA,NA,NA,NA,NA,NA,NA,NA,NA,NA,NA,NA,NA,NA,NA,NA,NA,NA,NA,"S",NA,NA,NA,"Q",NA,1.21e-05,""
"ME",2015,280,2015-10-07,4,1,1,NA,8.42,8.45,NA,39.19,39.37,5,4.94,NA,NA,NA,NA,NA,NA,NA,NA,NA,NA,NA,0.693,0,0.103,NA,0.041,0.006,NA,NA,NA,NA,NA,NA,NA,NA,NA,NA,NA,NA,NA,NA,NA,NA,NA,NA,NA,NA,NA,"S",NA,NA,NA,NA,NA,5.51e-05,""
"ME",2015,280,2015-10-07,8,1,1,NA,8.28,8.37,NA,39.34,39.55,4.95,4.67,NA,NA,NA,NA,NA,NA,NA,NA,NA,NA,NA,NA,NA,NA,NA,NA,NA,NA,NA,NA,NA,NA,NA,NA,NA,NA,NA,NA,NA,NA,NA,NA,NA,NA,NA,NA,NA,NA,NA,NA,NA,NA,NA,NA,2.35e-05,""
"ME",2015,280,2015-10-07,20,1,1,NA,7.42,8.13,NA,53.89,54.7,4.99,5.04,NA,NA,NA,NA,NA,NA,NA,NA,NA,NA,NA,3.5,0,2.94,NA,0.485,0.486,NA,NA,NA,NA,NA,NA,NA,NA,NA,NA,NA,NA,NA,NA,NA,NA,NA,NA,NA,NA,NA,"S",NA,NA,NA,NA,NA,1.73e-05,""
"ME",2015,306,2015-11-02,4,1,1,NA,8.07,8.44,3721,41.73,41.95,4.54,4.65,NA,NA,NA,948,1096,75,100,762,NA,NA,NA,1.12,0,0.479,NA,0.098,0.058,NA,NA,NA,NA,NA,NA,NA,NA,NA,NA,NA,NA,NA,NA,NA,NA,NA,NA,NA,NA,NA,"S",NA,NA,NA,"Q",NA,1.33e-05,""
"ME",2015,306,2015-11-02,8,1,1,NA,8.06,8.47,NA,41.7,41.89,4.66,4.68,NA,NA,NA,NA,NA,NA,NA,NA,NA,NA,NA,NA,NA,NA,NA,NA,NA,NA,NA,NA,NA,NA,NA,NA,NA,NA,NA,NA,NA,NA,NA,NA,NA,NA,NA,NA,NA,NA,NA,NA,NA,NA,NA,NA,1.71e-05,""
"ME",2015,306,2015-11-02,20,1,1,NA,8.48,8.41,3703,41.6,41.78,4.6,4.71,NA,NA,NA,922,1077,68,94,753,NA,NA,NA,1.1,0,0.468,NA,0.094,0.059,NA,NA,NA,NA,NA,NA,NA,NA,NA,NA,NA,NA,"E","E",NA,"E",NA,NA,NA,NA,NA,"S",NA,NA,NA,"Q",NA,0.000265,""
"ME",2016,27,2016-01-27,4,1,1,NA,8.36,8.37,NA,42.82,43.01,5.28,4.89,NA,NA,NA,NA,NA,NA,NA,NA,NA,NA,NA,1.39,0.308,0.481,1.05,0.081,0.053,NA,NA,NA,NA,NA,NA,NA,NA,NA,NA,NA,NA,NA,NA,NA,NA,NA,NA,NA,NA,NA,NA,NA,NA,NA,"Q",NA,3.61e-11,""
"ME",2016,27,2016-01-27,8,1,1,NA,8.33,8.39,3783,44.01,43.06,5.25,5.3,NA,NA,NA,1182,1290,68,84,40,NA,NA,NA,1.38,0.309,0.483,1.11,0.081,0.052,NA,NA,NA,NA,NA,NA,NA,NA,NA,NA,NA,NA,"N","N","N","N",NA,NA,NA,NA,NA,NA,NA,NA,NA,"Q",NA,7.64e-12,""
"ME",2016,27,2016-01-27,12,1,1,NA,NA,NA,NA,NA,NA,NA,NA,NA,NA,NA,NA,NA,NA,NA,NA,NA,NA,NA,1.41,0.313,0.482,1.07,0.08,0.052,NA,NA,NA,NA,NA,NA,NA,NA,NA,NA,NA,NA,NA,NA,NA,NA,NA,NA,NA,NA,NA,NA,NA,NA,NA,"Q",NA,1e-12,""
"ME",2016,27,2016-01-27,16,1,1,NA,NA,NA,NA,NA,NA,NA,NA,NA,NA,NA,NA,NA,NA,NA,NA,NA,NA,NA,1.45,0.338,0.482,1.02,0.083,0.053,NA,NA,NA,NA,NA,NA,NA,NA,NA,NA,NA,NA,NA,NA,NA,NA,NA,NA,NA,NA,NA,NA,NA,NA,NA,"Q",NA,1e-12,""
"ME",2016,27,2016-01-27,20,1,1,NA,8.15,8.24,3911,46.66,45.68,5.04,5.12,NA,NA,NA,1227,1282,98,37,611,NA,NA,NA,1.57,0.4,0.572,1.17,0.111,0.078,NA,NA,NA,NA,NA,NA,NA,NA,NA,NA,NA,NA,NA,NA,NA,NA,NA,NA,NA,NA,NA,NA,NA,NA,NA,"Q",NA,1.29e-09,""
"ME",2016,88,2016-03-28,4,1,1,NA,NA,NA,NA,NA,NA,NA,NA,NA,NA,NA,NA,NA,NA,NA,NA,NA,NA,NA,1.46,0.65,0.037,NA,0.089,0.01,NA,NA,NA,NA,NA,NA,NA,NA,NA,NA,NA,NA,NA,NA,NA,NA,NA,NA,NA,NA,NA,NA,NA,NA,NA,"Q",NA,0.000154,""
"ME",2016,103,2016-04-12,4,1,1,NA,8.45,8.44,NA,42.92,43.95,4.51,4.49,NA,NA,NA,NA,NA,NA,NA,NA,NA,NA,NA,1.43,0.646,0.045,NA,0.07,0.011,NA,NA,NA,NA,NA,NA,NA,NA,NA,NA,NA,NA,NA,NA,NA,NA,NA,NA,NA,NA,NA,NA,NA,NA,NA,"Q",NA,3.87e-05,""
"ME",2016,103,2016-04-12,8,1,1,NA,8.45,8.45,3775,43,44.05,4.48,4.44,NA,NA,NA,1088,1407,26,74,72,NA,NA,NA,1.42,0.644,0.047,NA,0.063,0.011,NA,NA,NA,NA,NA,NA,NA,NA,NA,NA,NA,NA,NA,NA,NA,NA,NA,NA,NA,NA,NA,NA,NA,NA,NA,"Q",NA,3.88e-05,""
"ME",2016,103,2016-04-12,12,1,1,NA,8.44,8.45,NA,42.91,43.92,4.53,4.62,NA,NA,NA,NA,NA,NA,NA,NA,NA,NA,NA,1.45,0.64,0.048,NA,0.07,0.012,NA,NA,NA,NA,NA,NA,NA,NA,NA,NA,NA,NA,NA,NA,NA,NA,NA,NA,NA,NA,NA,NA,NA,NA,NA,"Q",NA,4.14e-05,""
"ME",2016,103,2016-04-12,16,1,1,NA,8.43,8.44,NA,42.98,43.99,4.59,4.57,NA,NA,NA,NA,NA,NA,NA,NA,NA,NA,NA,1.41,0.645,0.053,NA,0.07,0.014,NA,NA,NA,NA,NA,NA,NA,NA,NA,NA,NA,NA,NA,NA,NA,NA,NA,NA,NA,NA,NA,NA,NA,NA,NA,"Q",NA,2.89e-05,""
"ME",2016,103,2016-04-12,20,1,1,NA,8.42,8.43,3749,43.12,44.16,4.64,4.52,NA,NA,NA,1075,1370,27,72,19,NA,NA,NA,1.41,0.645,0.059,NA,0.065,0.013,NA,NA,NA,NA,NA,NA,NA,NA,NA,NA,NA,NA,NA,NA,NA,NA,NA,NA,NA,NA,NA,NA,NA,NA,NA,"Q",NA,0.000522,""
"ME",2016,116,2016-04-25,4,1,1,NA,NA,NA,NA,NA,NA,NA,NA,NA,NA,NA,NA,NA,NA,NA,NA,NA,NA,NA,1.35,0.541,0.032,NA,0.054,0.002,NA,NA,NA,NA,NA,NA,NA,NA,NA,NA,NA,NA,NA,NA,NA,NA,NA,NA,NA,NA,NA,NA,NA,NA,NA,"Q",NA,8.07e-05,""
"ME",2016,132,2016-05-11,4,1,1,NA,8.49,8.5,NA,45.58,45.76,4.62,4.79,NA,NA,NA,NA,NA,NA,NA,NA,NA,NA,NA,1.45,0.564,0.18,NA,0.058,0.027,NA,NA,NA,NA,NA,NA,NA,NA,NA,NA,NA,NA,NA,NA,NA,NA,NA,NA,NA,NA,NA,NA,NA,NA,NA,NA,NA,5.97e-05,""
"ME",2016,132,2016-05-11,8,1,1,NA,8.48,8.47,NA,45.27,45.42,4.63,4.87,NA,NA,NA,NA,NA,NA,NA,NA,NA,NA,NA,NA,NA,NA,NA,NA,NA,NA,NA,NA,NA,NA,NA,NA,NA,NA,NA,NA,NA,NA,NA,NA,NA,NA,NA,NA,NA,NA,NA,NA,NA,NA,NA,NA,6.65e-05,""
"ME",2016,132,2016-05-11,12,1,1,NA,8.47,8.44,NA,45.66,45.89,4.82,5,NA,NA,NA,NA,NA,NA,NA,NA,NA,NA,NA,NA,NA,NA,NA,NA,NA,NA,NA,NA,NA,NA,NA,NA,NA,NA,NA,NA,NA,NA,NA,NA,NA,NA,NA,NA,NA,NA,NA,NA,NA,NA,NA,NA,6.55e-05,""
"ME",2016,132,2016-05-11,16,1,1,NA,8.43,8.46,NA,45.51,45.82,4.79,4.82,NA,NA,NA,NA,NA,NA,NA,NA,NA,NA,NA,NA,NA,NA,NA,NA,NA,NA,NA,NA,NA,NA,NA,NA,NA,NA,NA,NA,NA,NA,NA,NA,NA,NA,NA,NA,NA,NA,NA,NA,NA,NA,NA,NA,6.72e-05,""
"ME",2016,132,2016-05-11,20,1,1,NA,8.35,8.43,NA,45.85,46,4.75,4.92,NA,NA,NA,NA,NA,NA,NA,NA,NA,NA,NA,1.37,0.551,0.244,NA,0.073,0.039,NA,NA,NA,NA,NA,NA,NA,NA,NA,NA,NA,NA,NA,NA,NA,NA,NA,NA,NA,NA,NA,NA,NA,NA,NA,NA,NA,2.11e-05,""
"ME",2016,144,2016-05-23,4,1,1,NA,NA,NA,NA,NA,NA,NA,NA,NA,NA,NA,NA,NA,NA,NA,NA,NA,NA,NA,1.17,0.521,0.125,NA,0.055,0.018,NA,NA,NA,NA,NA,NA,NA,NA,NA,NA,NA,NA,NA,NA,NA,NA,NA,NA,NA,NA,NA,NA,NA,NA,NA,"Q",NA,1.97e-05,""
"ME",2016,159,2016-06-07,4,1,1,NA,8.85,8.76,NA,42.87,43.19,4.88,4.94,NA,NA,NA,NA,NA,NA,NA,NA,NA,NA,NA,1.05,0.338,0.047,NA,0.049,0,NA,NA,NA,NA,NA,NA,NA,NA,NA,NA,NA,NA,NA,NA,NA,NA,NA,NA,NA,NA,NA,NA,NA,NA,NA,"S",NA,2.61e-05,""
"ME",2016,159,2016-06-07,8,1,1,NA,8.69,8.55,NA,44.92,44.8,4.82,5.02,NA,NA,NA,NA,NA,NA,NA,NA,NA,NA,NA,1.27,0.375,0.094,NA,0.039,0.002,NA,NA,NA,NA,NA,NA,NA,NA,NA,NA,NA,NA,NA,NA,NA,NA,NA,NA,NA,NA,NA,NA,NA,NA,NA,NA,NA,7.25e-05,""
"ME",2016,159,2016-06-07,10,1,1,NA,8.32,8.38,NA,46.52,47.05,4.67,4.88,NA,NA,NA,NA,NA,NA,NA,NA,NA,NA,NA,1.58,0.458,0.26,NA,0.092,0.045,NA,NA,NA,NA,NA,NA,NA,NA,NA,NA,NA,NA,NA,NA,NA,NA,NA,NA,NA,NA,NA,NA,NA,NA,NA,NA,NA,0.000102,""
"ME",2016,159,2016-06-07,12,1,1,NA,8.24,8.36,NA,47.12,47.71,4.56,4.95,NA,NA,NA,NA,NA,NA,NA,NA,NA,NA,NA,1.52,0.431,0.34,NA,0.104,0.073,NA,NA,NA,NA,NA,NA,NA,NA,NA,NA,NA,NA,NA,NA,NA,NA,NA,NA,NA,NA,NA,NA,NA,NA,NA,NA,NA,0.000118,""
"ME",2016,159,2016-06-07,14,1,1,NA,8.19,8.35,NA,47.01,47.24,4.63,4.86,NA,NA,NA,NA,NA,NA,NA,NA,NA,NA,NA,1.57,0.442,0.363,NA,0.113,0.079,NA,NA,NA,NA,NA,NA,NA,NA,NA,NA,NA,NA,NA,NA,NA,NA,NA,NA,NA,NA,NA,NA,NA,NA,NA,NA,NA,0.000103,""
"ME",2016,159,2016-06-07,16,1,1,NA,8.16,8.35,NA,46.93,47.4,4.76,4.73,NA,NA,NA,NA,NA,NA,NA,NA,NA,NA,NA,1.59,0.459,0.384,NA,0.112,0.081,NA,NA,NA,NA,NA,NA,NA,NA,NA,NA,NA,NA,NA,NA,NA,NA,NA,NA,NA,NA,NA,NA,NA,NA,NA,NA,NA,0.000105,""
"ME",2016,159,2016-06-07,18,1,1,NA,8.14,8.31,NA,47.28,47.49,4.55,4.81,NA,NA,NA,NA,NA,NA,NA,NA,NA,NA,NA,1.62,0.441,0.43,NA,0.124,0.091,NA,NA,NA,NA,NA,NA,NA,NA,NA,NA,NA,NA,NA,NA,NA,NA,NA,NA,NA,NA,NA,NA,NA,NA,NA,NA,NA,8.59e-05,""
"ME",2016,159,2016-06-07,20,1,1,NA,8.05,8.27,NA,48.48,48.45,4.82,4.85,NA,NA,NA,NA,NA,NA,NA,NA,NA,NA,NA,1.75,0.382,0.589,NA,0.17,0.132,NA,NA,NA,NA,NA,NA,NA,NA,NA,NA,NA,NA,NA,NA,NA,NA,NA,NA,NA,NA,NA,NA,NA,NA,NA,NA,NA,6.74e-05,""
"ME",2016,159,2016-06-07,22,1,1,NA,8,8.25,NA,48.38,48.98,4.69,5.09,NA,NA,NA,NA,NA,NA,NA,NA,NA,NA,NA,1.92,0.367,0.645,NA,0.185,0.147,NA,NA,NA,NA,NA,NA,NA,NA,NA,NA,NA,NA,NA,NA,NA,NA,NA,NA,NA,NA,NA,NA,NA,NA,NA,NA,NA,5.81e-05,""
"ME",2016,172,2016-06-20,4,1,1,NA,NA,NA,NA,NA,NA,NA,NA,NA,NA,NA,NA,NA,NA,NA,NA,NA,NA,NA,0.919,0.32,0.043,NA,0.024,0,NA,NA,NA,NA,NA,NA,NA,NA,NA,NA,NA,NA,NA,NA,NA,NA,NA,NA,NA,NA,NA,NA,NA,NA,NA,"S",NA,2.37e-05,""
"ME",2016,187,2016-07-05,4,1,1,NA,8.9,8.83,NA,39.59,39.58,4.69,5.02,NA,NA,NA,NA,NA,NA,NA,NA,NA,NA,NA,0.791,0.035,0.022,NA,0.028,0,NA,NA,NA,NA,NA,NA,NA,NA,NA,NA,NA,NA,NA,NA,NA,NA,NA,NA,NA,NA,NA,NA,NA,NA,NA,"S",NA,1.31e-05,""
"ME",2016,187,2016-07-05,8,1,1,NA,8.44,8.54,NA,45.29,45.47,4.68,4.92,NA,NA,NA,NA,NA,NA,NA,NA,NA,NA,NA,1.23,0.301,0.218,NA,0.027,0,NA,NA,NA,NA,NA,NA,NA,NA,NA,NA,NA,NA,NA,NA,NA,NA,NA,NA,NA,NA,NA,NA,NA,NA,NA,"S",NA,9.22e-06,""
"ME",2016,187,2016-07-05,10,1,1,NA,8.13,8.45,NA,47.88,48.22,4.63,4.84,NA,NA,NA,NA,NA,NA,NA,NA,NA,NA,NA,NA,NA,NA,NA,NA,NA,NA,NA,NA,NA,NA,NA,NA,NA,NA,NA,NA,NA,NA,NA,NA,NA,NA,NA,NA,NA,NA,NA,NA,NA,NA,NA,NA,1.11e-05,""
"ME",2016,187,2016-07-05,12,1,1,NA,8.01,8.43,NA,49.04,49.22,4.89,5.22,NA,NA,NA,NA,NA,NA,NA,NA,NA,NA,NA,1.67,0.286,0.642,NA,0.184,0.133,NA,NA,NA,NA,NA,NA,NA,NA,NA,NA,NA,NA,NA,NA,NA,NA,NA,NA,NA,NA,NA,NA,NA,NA,NA,"Q",NA,1.16e-05,""
"ME",2016,187,2016-07-05,14,1,1,NA,7.93,8.38,NA,49.05,48.96,4.65,4.84,NA,NA,NA,NA,NA,NA,NA,NA,NA,NA,NA,1.76,0.336,0.667,NA,0.205,0.156,NA,NA,NA,NA,NA,NA,NA,NA,NA,NA,NA,NA,NA,NA,NA,NA,NA,NA,NA,NA,NA,NA,NA,NA,NA,"Q",NA,1.01e-05,""
"ME",2016,187,2016-07-05,16,1,1,NA,7.9,8.39,NA,49.48,49.35,4.95,4.95,NA,NA,NA,NA,NA,NA,NA,NA,NA,NA,NA,1.79,0.223,0.745,NA,0.242,0.181,NA,NA,NA,NA,NA,NA,NA,NA,NA,NA,NA,NA,NA,NA,NA,NA,NA,NA,NA,NA,NA,NA,NA,NA,NA,"Q",NA,1.08e-05,""
"ME",2016,187,2016-07-05,18,1,1,NA,7.84,8.35,NA,50.01,50.1,4.69,5.18,NA,NA,NA,NA,NA,NA,NA,NA,NA,NA,NA,1.8,0,1,NA,0.302,0.217,NA,NA,NA,NA,NA,NA,NA,NA,NA,NA,NA,NA,NA,NA,NA,NA,NA,NA,NA,NA,NA,"S",NA,NA,NA,"Q",NA,1.36e-05,""
"ME",2016,187,2016-07-05,20,1,1,NA,7.79,8.28,NA,51.13,51.86,4.84,5.17,NA,NA,NA,NA,NA,NA,NA,NA,NA,NA,NA,2.05,0,1.28,NA,0.365,0.278,NA,NA,NA,NA,NA,NA,NA,NA,NA,NA,NA,NA,NA,NA,NA,NA,NA,NA,NA,NA,NA,"S",NA,NA,NA,"Q",NA,1.4e-05,""
"ME",2016,187,2016-07-05,22,1,1,NA,7.75,8.26,NA,52,52.28,4.8,5.41,NA,NA,NA,NA,NA,NA,NA,NA,NA,NA,NA,2.98,0,1.41,NA,0.55,0.288,NA,NA,NA,NA,NA,NA,NA,NA,NA,NA,NA,NA,NA,NA,NA,NA,NA,NA,NA,NA,NA,"S",NA,NA,NA,"Q",NA,9.91e-06,""
"ME",2016,200,2016-07-18,4,1,1,NA,NA,NA,NA,NA,NA,NA,NA,NA,NA,NA,NA,NA,NA,NA,NA,NA,NA,NA,0.627,0,0,NA,0.023,0,NA,NA,NA,NA,NA,NA,NA,NA,NA,NA,NA,NA,NA,NA,NA,NA,NA,NA,NA,NA,NA,"S","S",NA,NA,"S",NA,3.06e-05,""
"ME",2016,214,2016-08-01,4,1,1,NA,8.81,8.78,3333,38.07,38.55,4.61,4.93,NA,NA,NA,698,603,8,22,878,NA,NA,NA,0.572,0,0,NA,0.021,0.002,NA,NA,NA,NA,NA,NA,NA,NA,NA,NA,NA,NA,NA,NA,NA,NA,NA,NA,NA,NA,NA,"S","S",NA,NA,"Q",NA,1.31e-06,""
"ME",2016,214,2016-08-01,6,1,1,NA,8.82,8.75,3327,38.1,38.84,4.78,4.91,NA,NA,NA,377,529,5,13,878,NA,NA,NA,NA,NA,NA,NA,NA,NA,NA,NA,NA,NA,NA,NA,NA,NA,NA,NA,NA,NA,NA,NA,NA,NA,NA,NA,NA,NA,NA,NA,NA,NA,NA,NA,NA,5.32e-06,""
"ME",2016,214,2016-08-01,8,1,1,NA,8.25,8.54,3416,42.48,41.94,4.62,4.69,NA,NA,NA,651,740,4,18,924,NA,NA,NA,0.738,0.024,0.175,NA,0.024,0.003,NA,NA,NA,NA,NA,NA,NA,NA,NA,NA,NA,NA,"N","N",NA,NA,NA,NA,NA,NA,NA,NA,NA,NA,NA,"Q",NA,7.47e-06,""
"ME",2016,214,2016-08-01,10,1,1,NA,8.13,8.48,NA,46.71,47.16,4.56,4.75,NA,NA,NA,NA,NA,NA,NA,NA,NA,NA,NA,1.05,0,0.446,NA,0.022,0.002,NA,NA,NA,NA,NA,NA,NA,NA,NA,NA,NA,NA,NA,NA,NA,NA,NA,NA,NA,NA,NA,"S",NA,NA,NA,"Q",NA,8.38e-06,""
"ME",2016,214,2016-08-01,12,1,1,NA,8,8.41,3963,50.11,49.5,4.69,4.7,NA,NA,NA,1143,1207,60,73,1236,NA,NA,NA,1.38,0,0.764,NA,0.089,0.037,NA,NA,NA,NA,NA,NA,NA,NA,NA,NA,NA,NA,NA,NA,NA,NA,NA,NA,NA,NA,NA,"S",NA,NA,NA,"Q",NA,8.35e-06,""
"ME",2016,214,2016-08-01,14,1,1,NA,7.95,8.33,NA,50.86,50.87,4.65,4.81,NA,NA,NA,NA,NA,NA,NA,NA,NA,NA,NA,1.62,0,0.966,NA,0.174,0.117,NA,NA,NA,NA,NA,NA,NA,NA,NA,NA,NA,NA,NA,NA,NA,NA,NA,NA,NA,NA,NA,"S",NA,NA,NA,"Q",NA,7.21e-06,""
"ME",2016,214,2016-08-01,16,1,1,NA,7.86,8.38,4117,52.27,52.36,4.73,5.15,NA,NA,NA,1624,1760,258,268,1504,NA,NA,NA,1.84,0,1.24,NA,0.288,0.214,NA,NA,NA,NA,NA,NA,NA,NA,NA,NA,NA,NA,NA,NA,NA,NA,NA,NA,NA,NA,NA,"S",NA,NA,NA,"Q",NA,8.41e-06,""
"ME",2016,214,2016-08-01,18,1,1,NA,7.81,8.37,NA,52.22,52.85,4.71,4.94,NA,NA,NA,NA,NA,NA,NA,NA,NA,NA,NA,1.99,0,1.34,NA,0.321,0.241,NA,NA,NA,NA,NA,NA,NA,NA,NA,NA,NA,NA,NA,NA,NA,NA,NA,NA,NA,NA,NA,"S",NA,NA,NA,"Q",NA,1.13e-05,""
"ME",2016,214,2016-08-01,20,1,1,NA,7.78,8.33,4166,52.72,53.31,4.83,5.02,NA,NA,NA,1884,2212,315,323,1659,NA,NA,NA,2.17,0,1.52,NA,0.359,0.276,NA,NA,NA,NA,NA,NA,NA,NA,NA,NA,NA,NA,NA,NA,NA,NA,NA,NA,NA,NA,NA,"S",NA,NA,NA,"Q",NA,8.93e-06,""
"ME",2016,214,2016-08-01,22,1,1,NA,7.75,8.07,4188,53.74,54.07,4.8,5.05,NA,NA,NA,2022,2161,329,341,1766,NA,NA,NA,2.23,0,1.6,NA,0.371,0.291,NA,NA,NA,NA,NA,NA,NA,NA,NA,NA,NA,NA,NA,NA,NA,NA,NA,NA,NA,NA,NA,"S",NA,NA,NA,"Q",NA,1.45e-05,""
"ME",2016,228,2016-08-15,4,1,1,NA,NA,NA,NA,NA,NA,NA,NA,NA,NA,NA,NA,NA,NA,NA,NA,NA,NA,NA,0.531,0,0,NA,0.014,0,NA,NA,NA,NA,NA,NA,NA,NA,NA,NA,NA,NA,NA,NA,NA,NA,NA,NA,NA,NA,NA,"S","S",NA,NA,"S",NA,6.58e-06,""
"ME",2016,243,2016-08-30,4,1,1,NA,8.76,8.72,NA,36.76,37.45,4.27,4.44,NA,NA,NA,NA,NA,NA,NA,NA,NA,NA,NA,0.482,0,0,NA,0.022,0.003,NA,NA,NA,NA,NA,NA,NA,NA,NA,NA,NA,NA,NA,NA,NA,NA,NA,NA,NA,NA,NA,"S","S",NA,NA,"Q",NA,1.76e-05,""
"ME",2016,243,2016-08-30,8,1,1,NA,8.69,8.69,NA,37.01,37.06,4.37,4.39,NA,NA,NA,NA,NA,NA,NA,NA,NA,NA,NA,NA,NA,NA,NA,NA,NA,NA,NA,NA,NA,NA,NA,NA,NA,NA,NA,NA,NA,NA,NA,NA,NA,NA,NA,NA,NA,NA,NA,NA,NA,NA,NA,NA,7.39e-06,""
"ME",2016,243,2016-08-30,10,1,1,NA,7.83,8.5,NA,43.09,42.94,4.19,4.23,NA,NA,NA,NA,NA,NA,NA,NA,NA,NA,NA,NA,NA,NA,NA,NA,NA,NA,NA,NA,NA,NA,NA,NA,NA,NA,NA,NA,NA,NA,NA,NA,NA,NA,NA,NA,NA,NA,NA,NA,NA,NA,NA,NA,7.4e-06,""
"ME",2016,243,2016-08-30,12,1,1,NA,7.74,8.32,NA,48.88,48.96,4.19,4.33,NA,NA,NA,NA,NA,NA,NA,NA,NA,NA,NA,1.67,0,0.97,NA,0.118,0.085,NA,NA,NA,NA,NA,NA,NA,NA,NA,NA,NA,NA,NA,NA,NA,NA,NA,NA,NA,NA,NA,"S",NA,NA,NA,"Q",NA,7.49e-06,""
"ME",2016,243,2016-08-30,14,1,1,NA,7.77,8.27,NA,49.79,50.02,4.15,4.52,NA,NA,NA,NA,NA,NA,NA,NA,NA,NA,NA,NA,NA,NA,NA,NA,NA,NA,NA,NA,NA,NA,NA,NA,NA,NA,NA,NA,NA,NA,NA,NA,NA,NA,NA,NA,NA,NA,NA,NA,NA,NA,NA,NA,8.96e-06,""
"ME",2016,243,2016-08-30,16,1,1,NA,7.72,8.25,NA,50.89,51.45,4.31,4.37,NA,NA,NA,NA,NA,NA,NA,NA,NA,NA,NA,2.2,0,1.45,NA,0.302,0.242,NA,NA,NA,NA,NA,NA,NA,NA,NA,NA,NA,NA,NA,NA,NA,NA,NA,NA,NA,NA,NA,"S",NA,NA,NA,"Q",NA,1.03e-05,""
"ME",2016,243,2016-08-30,18,1,1,NA,7.7,8.23,NA,52.94,53.44,4.21,4.62,NA,NA,NA,NA,NA,NA,NA,NA,NA,NA,NA,NA,NA,NA,NA,NA,NA,NA,NA,NA,NA,NA,NA,NA,NA,NA,NA,NA,NA,NA,NA,NA,NA,NA,NA,NA,NA,NA,NA,NA,NA,NA,NA,NA,7.92e-06,""
"ME",2016,243,2016-08-30,20,1,1,NA,7.93,8.22,NA,54.19,54.45,4.32,4.62,NA,NA,NA,NA,NA,NA,NA,NA,NA,NA,NA,2.91,0,2.1,NA,0.431,0.343,NA,NA,NA,NA,NA,NA,NA,NA,NA,NA,NA,NA,NA,NA,NA,NA,NA,NA,NA,NA,NA,"S",NA,NA,NA,"Q",NA,1.02e-05,""
"ME",2016,243,2016-08-30,22,1,1,NA,7.7,8.29,NA,54.57,54.87,4.28,4.82,NA,NA,NA,NA,NA,NA,NA,NA,NA,NA,NA,NA,NA,NA,NA,NA,NA,NA,NA,NA,NA,NA,NA,NA,NA,NA,NA,NA,NA,NA,NA,NA,NA,NA,NA,NA,NA,NA,NA,NA,NA,NA,NA,NA,2.43e-05,""
"ME",2016,278,2016-10-04,4,1,1,NA,8.51,8.47,NA,40.19,40.88,4.28,4.63,NA,NA,NA,NA,NA,NA,NA,NA,NA,NA,NA,0.717,0,0.106,NA,0.035,0.005,NA,NA,NA,NA,NA,NA,NA,NA,NA,NA,NA,NA,NA,NA,NA,NA,NA,NA,NA,NA,NA,"S",NA,NA,NA,NA,NA,6.03e-06,""
"ME",2016,278,2016-10-04,8,1,1,NA,8.45,8.5,NA,40.71,40.9,4.34,4.76,NA,NA,NA,NA,NA,NA,NA,NA,NA,NA,NA,NA,NA,NA,NA,NA,NA,NA,NA,NA,NA,NA,NA,NA,NA,NA,NA,NA,NA,NA,NA,NA,NA,NA,NA,NA,NA,NA,NA,NA,NA,NA,NA,NA,1.15e-11,""
"ME",2016,278,2016-10-04,20,1,1,NA,7.7,8.28,NA,55.37,56.06,4.45,4.64,NA,NA,NA,NA,NA,NA,NA,NA,NA,NA,NA,3.28,0,2.5,NA,0.432,0.383,NA,NA,NA,NA,NA,NA,NA,NA,NA,NA,NA,NA,NA,NA,NA,NA,NA,NA,NA,NA,NA,"S",NA,NA,NA,NA,NA,1.38e-06,""
"ME",2016,314,2016-11-09,4,1,1,NA,8.21,8.45,3723,43.01,42.83,4.57,4.63,NA,NA,NA,787,888,3,6,521,NA,NA,NA,1.09,0.035,0.366,NA,0.086,0.05,NA,NA,NA,NA,NA,NA,NA,NA,NA,NA,NA,NA,NA,NA,NA,NA,NA,NA,NA,NA,NA,NA,NA,NA,NA,"Q",NA,0.00025,""
"ME",2016,314,2016-11-09,8,1,1,NA,8.21,8.41,NA,43.19,43.05,4.47,4.48,NA,NA,NA,NA,NA,NA,NA,NA,NA,NA,NA,NA,NA,NA,NA,NA,NA,NA,NA,NA,NA,NA,NA,NA,NA,NA,NA,NA,NA,NA,NA,NA,NA,NA,NA,NA,NA,NA,NA,NA,NA,NA,NA,NA,0.000341,""
"ME",2016,314,2016-11-09,20,1,1,NA,7.58,8.41,4143,52.1,51.84,4.58,4.82,NA,NA,NA,2295,2377,19,23,1728,NA,NA,NA,3.01,0,1.83,NA,0.388,0.27,NA,NA,NA,NA,NA,NA,NA,NA,NA,NA,NA,NA,NA,NA,NA,NA,NA,NA,NA,NA,NA,"S",NA,NA,NA,"Q",NA,4.09e-05,""
"ME",2017,37,2017-02-06,4,1,1,NA,8.64,8.96,NA,49.61,49.98,4.6,4.38,NA,NA,NA,NA,NA,NA,NA,NA,NA,NA,NA,1.43,0.288,0.404,NA,0.097,0.055,NA,NA,NA,NA,NA,NA,NA,NA,NA,NA,NA,NA,NA,NA,NA,NA,NA,NA,NA,NA,NA,NA,NA,NA,NA,NA,NA,2.46e-08,""
"ME",2017,37,2017-02-06,8,1,1,NA,8.65,8.95,3930,49.37,49.87,4.55,4.49,NA,NA,NA,1214,1313,75,91,18,NA,NA,NA,1.54,0.334,0.441,NA,0.101,0.055,NA,NA,NA,NA,NA,NA,NA,NA,NA,NA,NA,NA,NA,NA,NA,NA,NA,NA,NA,NA,NA,NA,NA,NA,NA,NA,NA,5.67e-08,""
"ME",2017,37,2017-02-06,12,1,1,NA,NA,NA,NA,NA,NA,NA,NA,NA,NA,NA,NA,NA,NA,NA,NA,NA,NA,NA,1.38,0.372,0.503,NA,0.102,0.065,NA,NA,NA,NA,NA,NA,NA,NA,NA,NA,NA,NA,NA,NA,NA,NA,NA,NA,NA,NA,NA,NA,NA,NA,NA,NA,NA,1.5e-07,""
"ME",2017,37,2017-02-06,16,1,1,NA,NA,NA,NA,NA,NA,NA,NA,NA,NA,NA,NA,NA,NA,NA,NA,NA,NA,NA,1.94,0.719,0.534,NA,0.117,0.091,NA,NA,NA,NA,NA,NA,NA,NA,NA,NA,NA,NA,NA,NA,NA,NA,NA,NA,NA,NA,NA,NA,NA,NA,NA,NA,NA,1.97e-06,""
"ME",2017,37,2017-02-06,20,1,1,NA,7.99,8.95,4082,54.31,54.87,4.98,4.48,NA,NA,NA,2773,2818,197,223,1633,NA,NA,NA,3.14,1.32,0.627,NA,0.23,0.171,NA,NA,NA,NA,NA,NA,NA,NA,NA,NA,NA,NA,NA,NA,NA,NA,NA,NA,NA,NA,NA,NA,NA,NA,NA,NA,NA,5.42e-06,""
"ME",2017,107,2017-04-17,4,1,1,NA,8.67,8.94,NA,45.64,46.92,4.63,4.64,NA,NA,NA,NA,NA,NA,NA,NA,NA,NA,NA,1.58,0.666,0.122,NA,0.104,0.03,NA,NA,NA,NA,NA,NA,NA,NA,NA,NA,NA,NA,NA,NA,NA,NA,NA,NA,NA,NA,NA,NA,NA,NA,NA,"Q",NA,2.81e-05,""
"ME",2017,107,2017-04-17,8,1,1,NA,8.66,8.97,3857,45.53,46.88,4.59,4.47,NA,NA,NA,1149,1527,55,104,20,NA,NA,NA,1.57,0.664,0.134,NA,0.104,0.032,NA,NA,NA,NA,NA,NA,NA,NA,NA,NA,NA,NA,NA,NA,NA,NA,NA,NA,NA,NA,NA,NA,NA,NA,NA,"Q",NA,7.96e-06,""
"ME",2017,107,2017-04-17,12,1,1,NA,8.66,8.95,NA,45.6,46.83,4.7,4.58,NA,NA,NA,NA,NA,NA,NA,NA,NA,NA,NA,1.51,0.613,0.119,NA,0.102,0.032,NA,NA,NA,NA,NA,NA,NA,NA,NA,NA,NA,NA,NA,NA,NA,NA,NA,NA,NA,NA,NA,NA,NA,NA,NA,"Q",NA,3.15e-06,""
"ME",2017,107,2017-04-17,16,1,1,NA,8.62,8.97,NA,45.65,46.65,4.67,4.59,NA,NA,NA,NA,NA,NA,NA,NA,NA,NA,NA,1.55,0.613,0.134,NA,0.103,0.03,NA,NA,NA,NA,NA,NA,NA,NA,NA,NA,NA,NA,NA,NA,NA,NA,NA,NA,NA,NA,NA,NA,NA,NA,NA,"Q",NA,2.24e-05,""
"ME",2017,107,2017-04-17,20,1,1,NA,8.6,8.94,3909,45.51,46.49,4.67,4.59,NA,NA,NA,1160,1347,47,85,31,NA,NA,NA,1.44,0.663,0.154,NA,0.087,0.032,NA,NA,NA,NA,NA,NA,NA,NA,NA,NA,NA,NA,NA,NA,NA,NA,NA,NA,NA,NA,NA,NA,NA,NA,NA,"Q",NA,0.000198,""
"ME",2017,123,2017-05-03,4,1,1,NA,NA,NA,NA,NA,NA,NA,NA,NA,NA,NA,NA,NA,NA,NA,NA,NA,NA,NA,1.57,0.653,0.174,NA,0.093,0.038,NA,NA,NA,NA,NA,NA,NA,NA,NA,NA,NA,NA,NA,NA,NA,NA,NA,NA,NA,NA,NA,NA,NA,NA,NA,"Q",NA,6.15e-05,""
"ME",2017,135,2017-05-15,4,1,1,NA,8.94,8.9,NA,44.62,45.54,4.78,4.72,NA,NA,NA,NA,NA,NA,NA,NA,NA,NA,NA,1.49,0.61,0.09,NA,0.072,0.023,NA,NA,NA,NA,NA,NA,NA,NA,NA,NA,NA,NA,NA,NA,NA,NA,NA,NA,NA,NA,NA,NA,NA,NA,NA,NA,NA,0.000108,""
"ME",2017,135,2017-05-15,8,1,1,NA,8.9,8.88,NA,45.09,45.79,4.59,4.82,NA,NA,NA,NA,NA,NA,NA,NA,NA,NA,NA,NA,NA,NA,NA,NA,NA,NA,NA,NA,NA,NA,NA,NA,NA,NA,NA,NA,NA,NA,NA,NA,NA,NA,NA,NA,NA,NA,NA,NA,NA,NA,NA,NA,2.55e-05,""
"ME",2017,135,2017-05-15,12,1,1,NA,8.71,8.79,NA,45.76,46,4.56,4.65,NA,NA,NA,NA,NA,NA,NA,NA,NA,NA,NA,NA,NA,NA,NA,NA,NA,NA,NA,NA,NA,NA,NA,NA,NA,NA,NA,NA,NA,NA,NA,NA,NA,NA,NA,NA,NA,NA,NA,NA,NA,NA,NA,NA,2.28e-05,""
"ME",2017,135,2017-05-15,16,1,1,NA,8.66,8.8,NA,45.71,46.33,4.51,4.66,NA,NA,NA,NA,NA,NA,NA,NA,NA,NA,NA,NA,NA,NA,NA,NA,NA,NA,NA,NA,NA,NA,NA,NA,NA,NA,NA,NA,NA,NA,NA,NA,NA,NA,NA,NA,NA,NA,NA,NA,NA,NA,NA,NA,1.71e-05,""
"ME",2017,135,2017-05-15,20,1,1,NA,8.49,8.78,NA,46.5,46.82,4.68,4.52,NA,NA,NA,NA,NA,NA,NA,NA,NA,NA,NA,1.57,0.571,0.408,NA,0.104,0.078,NA,NA,NA,NA,NA,NA,NA,NA,NA,NA,NA,NA,NA,NA,NA,NA,NA,NA,NA,NA,NA,NA,NA,NA,NA,NA,NA,1.33e-05,""
"ME",2017,150,2017-05-30,4,1,1,NA,NA,NA,NA,NA,NA,NA,NA,NA,NA,NA,NA,NA,NA,NA,NA,NA,NA,NA,1.52,0.599,0.273,NA,0.093,0.049,NA,NA,NA,NA,NA,NA,NA,NA,NA,NA,NA,NA,NA,NA,NA,NA,NA,NA,NA,NA,NA,NA,NA,NA,NA,NA,NA,2.44e-05,""
"ME",2017,163,2017-06-12,4,1,1,NA,9.05,9.05,NA,43.81,43.64,6.14,6.41,NA,NA,NA,NA,NA,NA,NA,NA,NA,NA,NA,1.18,0.537,0.035,NA,0.055,0.018,NA,NA,NA,NA,NA,NA,NA,NA,NA,NA,NA,NA,NA,NA,NA,NA,NA,NA,NA,NA,NA,NA,NA,NA,NA,NA,NA,0.000143,""
"ME",2017,163,2017-06-12,8,1,1,NA,8.62,8.89,NA,45.5,45.51,4.89,5.22,NA,NA,NA,NA,NA,NA,NA,NA,NA,NA,NA,1.38,0.567,0.302,NA,0.09,0.062,NA,NA,NA,NA,NA,NA,NA,NA,NA,NA,NA,NA,NA,NA,NA,NA,NA,NA,NA,NA,NA,NA,NA,NA,NA,NA,NA,0.000139,""
"ME",2017,163,2017-06-12,10,1,1,NA,8.47,8.79,NA,46.36,46.25,4.71,5.17,NA,NA,NA,NA,NA,NA,NA,NA,NA,NA,NA,NA,NA,NA,NA,NA,NA,NA,NA,NA,NA,NA,NA,NA,NA,NA,NA,NA,NA,NA,NA,NA,NA,NA,NA,NA,NA,NA,NA,NA,NA,NA,NA,NA,0.000174,""
"ME",2017,163,2017-06-12,12,1,1,NA,8.4,8.66,NA,46.5,46.58,4.73,5.18,NA,NA,NA,NA,NA,NA,NA,NA,NA,NA,NA,1.53,0.527,0.429,NA,0.119,0.094,NA,NA,NA,NA,NA,NA,NA,NA,NA,NA,NA,NA,NA,NA,NA,NA,NA,NA,NA,NA,NA,NA,NA,NA,NA,NA,NA,0.000194,""
"ME",2017,163,2017-06-12,14,1,1,NA,8.37,8.78,NA,46.94,46.81,4.73,5.07,NA,NA,NA,NA,NA,NA,NA,NA,NA,NA,NA,NA,NA,NA,NA,NA,NA,NA,NA,NA,NA,NA,NA,NA,NA,NA,NA,NA,NA,NA,NA,NA,NA,NA,NA,NA,NA,NA,NA,NA,NA,NA,NA,NA,0.000187,""
"ME",2017,163,2017-06-12,16,1,1,NA,8.21,8.82,NA,47.35,47.57,4.7,4.9,NA,NA,NA,NA,NA,NA,NA,NA,NA,NA,NA,1.41,0.457,0.585,NA,0.156,0.129,NA,NA,NA,NA,NA,NA,NA,NA,NA,NA,NA,NA,NA,NA,NA,NA,NA,NA,NA,NA,NA,NA,NA,NA,NA,NA,NA,0.000171,""
"ME",2017,163,2017-06-12,18,1,1,NA,8.15,8.78,NA,47.82,47.7,4.61,4.94,NA,NA,NA,NA,NA,NA,NA,NA,NA,NA,NA,NA,NA,NA,NA,NA,NA,NA,NA,NA,NA,NA,NA,NA,NA,NA,NA,NA,NA,NA,NA,NA,NA,NA,NA,NA,NA,NA,NA,NA,NA,NA,NA,NA,0.000129,""
"ME",2017,163,2017-06-12,20,1,1,NA,8.06,8.7,NA,48.51,48.72,4.8,5.02,NA,NA,NA,NA,NA,NA,NA,NA,NA,NA,NA,1.79,0.27,0.866,NA,0.223,0.162,NA,NA,NA,NA,NA,NA,NA,NA,NA,NA,NA,NA,NA,NA,NA,NA,NA,NA,NA,NA,NA,NA,NA,NA,NA,NA,NA,0.000115,""
"ME",2017,163,2017-06-12,22,1,1,NA,7.99,8.73,NA,48.76,48.9,4.91,5.1,NA,NA,NA,NA,NA,NA,NA,NA,NA,NA,NA,NA,NA,NA,NA,NA,NA,NA,NA,NA,NA,NA,NA,NA,NA,NA,NA,NA,NA,NA,NA,NA,NA,NA,NA,NA,NA,NA,NA,NA,NA,NA,NA,NA,0.000103,""
"ME",2017,177,2017-06-26,4,1,1,NA,NA,NA,NA,NA,NA,NA,NA,NA,NA,NA,NA,NA,NA,NA,NA,NA,NA,NA,1.22,0.426,0.186,NA,0.066,0.021,NA,NA,NA,NA,NA,NA,NA,NA,NA,NA,NA,NA,NA,NA,NA,NA,NA,NA,NA,NA,NA,NA,NA,NA,NA,"Q",NA,3.02e-05,""
"ME",2017,191,2017-07-10,4,1,1,NA,9.25,8.92,NA,39.73,40.12,5,5.44,NA,NA,NA,NA,NA,NA,NA,NA,NA,NA,NA,0.832,0,0.015,NA,0.047,0,NA,NA,NA,NA,NA,NA,NA,NA,NA,NA,NA,NA,NA,NA,NA,NA,NA,NA,NA,NA,NA,"S",NA,NA,NA,"S",NA,4.49e-05,""
"ME",2017,191,2017-07-10,8,1,1,NA,8.79,8.91,NA,46.82,46.82,4.94,5.02,NA,NA,NA,NA,NA,NA,NA,NA,NA,NA,NA,0.979,0.295,0.026,NA,0.032,0.002,NA,NA,NA,NA,NA,NA,NA,NA,NA,NA,NA,NA,NA,NA,NA,NA,NA,NA,NA,NA,NA,NA,NA,NA,NA,"Q",NA,1.6e-05,""
"ME",2017,191,2017-07-10,10,1,1,NA,8.37,8.87,NA,48.91,48.75,4.71,4.78,NA,NA,NA,NA,NA,NA,NA,NA,NA,NA,NA,NA,NA,NA,NA,NA,NA,NA,NA,NA,NA,NA,NA,NA,NA,NA,NA,NA,NA,NA,NA,NA,NA,NA,NA,NA,NA,NA,NA,NA,NA,NA,NA,NA,1.71e-05,""
"ME",2017,191,2017-07-10,12,1,1,NA,8.07,8.98,NA,51.22,50.91,4.8,4.84,NA,NA,NA,NA,NA,NA,NA,NA,NA,NA,NA,1.6,0.401,0.644,NA,0.187,0.135,NA,NA,NA,NA,NA,NA,NA,NA,NA,NA,NA,NA,NA,NA,NA,NA,NA,NA,NA,NA,NA,NA,NA,NA,NA,"Q",NA,1.67e-05,""
"ME",2017,191,2017-07-10,14,1,1,NA,8.07,8.96,NA,51.39,51.11,4.83,4.79,NA,NA,NA,NA,NA,NA,NA,NA,NA,NA,NA,NA,NA,NA,NA,NA,NA,NA,NA,NA,NA,NA,NA,NA,NA,NA,NA,NA,NA,NA,NA,NA,NA,NA,NA,NA,NA,NA,NA,NA,NA,NA,NA,NA,1.37e-05,""
"ME",2017,191,2017-07-10,16,1,1,NA,8.04,8.63,NA,51.9,51.87,4.85,4.87,NA,NA,NA,NA,NA,NA,NA,NA,NA,NA,NA,1.73,0.1,0.934,NA,0.237,0.198,NA,NA,NA,NA,NA,NA,NA,NA,NA,NA,NA,NA,NA,NA,NA,NA,NA,NA,NA,NA,NA,NA,NA,NA,NA,"Q",NA,1.37e-05,""
"ME",2017,191,2017-07-10,18,1,1,NA,8.04,8.72,NA,52.28,52.23,4.91,4.99,NA,NA,NA,NA,NA,NA,NA,NA,NA,NA,NA,NA,NA,NA,NA,NA,NA,NA,NA,NA,NA,NA,NA,NA,NA,NA,NA,NA,NA,NA,NA,NA,NA,NA,NA,NA,NA,NA,NA,NA,NA,NA,NA,NA,1.65e-05,""
"ME",2017,191,2017-07-10,20,1,1,NA,7.98,8.95,NA,53.28,53.46,4.9,4.97,NA,NA,NA,NA,NA,NA,NA,NA,NA,NA,NA,2.09,0,1.49,NA,0.31,0.247,NA,NA,NA,NA,NA,NA,NA,NA,NA,NA,NA,NA,NA,NA,NA,NA,NA,NA,NA,NA,NA,"S",NA,NA,NA,"Q",NA,1.42e-05,""
"ME",2017,191,2017-07-10,22,1,1,NA,7.99,8.94,NA,53.72,53.8,4.96,5.29,NA,NA,NA,NA,NA,NA,NA,NA,NA,NA,NA,NA,NA,NA,NA,NA,NA,NA,NA,NA,NA,NA,NA,NA,NA,NA,NA,NA,NA,NA,NA,NA,NA,NA,NA,NA,NA,NA,NA,NA,NA,NA,NA,NA,9.5e-06,""
"ME",2017,205,2017-07-24,4,1,1,NA,NA,NA,NA,NA,NA,NA,NA,NA,NA,NA,NA,NA,NA,NA,NA,NA,NA,NA,0.708,0,0.02,NA,0.046,0.004,NA,NA,NA,NA,NA,NA,NA,NA,NA,NA,NA,NA,NA,NA,NA,NA,NA,NA,NA,NA,NA,"S",NA,NA,NA,"Q",NA,1.18e-05,""
"ME",2017,219,2017-08-07,4,1,1,NA,9.06,8.91,3329,38.26,38.55,4.99,5.17,NA,NA,NA,411,608,11,41,228,NA,NA,NA,0.569,0,0.019,NA,0.048,0.002,NA,NA,NA,NA,NA,NA,NA,NA,NA,NA,NA,NA,NA,NA,NA,NA,NA,NA,NA,NA,NA,"S",NA,NA,NA,NA,NA,0.00155,""
"ME",2017,219,2017-08-07,6,1,1,NA,9.02,8.96,3353,38.49,38.75,4.94,5.04,NA,NA,NA,420,607,11,37,253,NA,NA,NA,NA,NA,NA,NA,NA,NA,NA,NA,NA,NA,NA,NA,NA,NA,NA,NA,NA,NA,NA,NA,NA,NA,NA,NA,NA,NA,NA,NA,NA,NA,NA,NA,NA,0.000118,""
"ME",2017,219,2017-08-07,8,1,1,NA,8.74,8.88,3427,41.33,41.45,4.92,4.83,NA,NA,NA,460,574,11,29,456,NA,NA,NA,NA,NA,NA,NA,NA,NA,NA,NA,NA,NA,NA,NA,NA,NA,NA,NA,NA,NA,NA,NA,NA,NA,NA,NA,NA,NA,NA,NA,NA,NA,NA,NA,NA,1.63e-05,""
"ME",2017,219,2017-08-07,10,1,1,NA,8.22,8.82,NA,47.9,48.12,4.56,4.67,NA,NA,NA,NA,NA,NA,NA,NA,NA,NA,NA,0.877,0.151,0.197,NA,0.044,0.02,NA,NA,NA,NA,NA,NA,NA,NA,NA,NA,NA,NA,NA,NA,NA,NA,NA,NA,NA,NA,NA,NA,NA,NA,NA,NA,NA,1.85e-05,""
"ME",2017,219,2017-08-07,12,1,1,NA,8.13,8.86,3949,50.22,50.21,4.71,4.71,NA,NA,NA,1017,1075,84,102,1347,NA,NA,NA,1.03,0.148,0.399,NA,0.095,0.069,NA,NA,NA,NA,NA,NA,NA,NA,NA,NA,NA,NA,"N","N",NA,NA,NA,NA,NA,NA,NA,NA,NA,NA,NA,NA,NA,2.05e-05,""
"ME",2017,219,2017-08-07,14,1,1,NA,8.02,8.86,NA,52.56,52.34,4.58,4.59,NA,NA,NA,NA,NA,NA,NA,NA,NA,NA,NA,1.57,0,1.1,NA,0.23,0.191,NA,NA,NA,NA,NA,NA,NA,NA,NA,NA,NA,NA,NA,NA,NA,NA,NA,NA,NA,NA,NA,"S",NA,NA,NA,NA,NA,1.82e-05,""
"ME",2017,219,2017-08-07,16,1,1,NA,7.98,8.85,4080,52.95,53.15,4.63,4.72,NA,NA,NA,1710,1779,259,269,1834,NA,NA,NA,1.87,0,1.31,NA,0.318,0.237,NA,NA,NA,NA,NA,NA,NA,NA,NA,NA,NA,NA,NA,NA,NA,NA,NA,NA,NA,NA,NA,"S",NA,NA,NA,NA,NA,1.46e-05,""
"ME",2017,219,2017-08-07,18,1,1,NA,7.95,8.81,NA,53.94,54.24,4.65,4.69,NA,NA,NA,NA,NA,NA,NA,NA,NA,NA,NA,2.1,0,1.62,NA,0.313,0.271,NA,NA,NA,NA,NA,NA,NA,NA,NA,NA,NA,NA,NA,NA,NA,NA,NA,NA,NA,NA,NA,"S",NA,NA,NA,NA,NA,1.16e-05,""
"ME",2017,219,2017-08-07,20,1,1,NA,7.89,8.84,4227,55.98,56.52,4.75,4.88,NA,NA,NA,2568,2683,384,388,2342,NA,NA,NA,2.74,0,2.23,NA,0.393,0.349,NA,NA,NA,NA,NA,NA,NA,NA,NA,NA,NA,NA,NA,NA,NA,NA,NA,NA,NA,NA,NA,"S",NA,NA,NA,NA,NA,1.04e-05,""
"ME",2017,219,2017-08-07,22,1,1,NA,7.87,8.83,4298,56.6,57.06,4.7,4.97,NA,NA,NA,2741,2839,375,388,2440,NA,NA,NA,2.86,0,2.34,NA,0.415,0.362,NA,NA,NA,NA,NA,NA,NA,NA,NA,NA,NA,NA,NA,NA,NA,NA,"E",NA,NA,NA,NA,"S",NA,NA,NA,NA,NA,9.7e-06,""
"ME",2017,235,2017-08-23,4,1,1,NA,NA,NA,NA,NA,NA,NA,NA,NA,NA,NA,NA,NA,NA,NA,NA,NA,NA,NA,0.618,0,0,NA,0.033,0.003,NA,NA,NA,NA,NA,NA,NA,NA,NA,NA,NA,NA,NA,NA,NA,NA,NA,NA,NA,NA,NA,"S","S",NA,NA,"Q",NA,0.000958,""
"ME",2017,249,2017-09-06,4,1,1,NA,9.17,8.98,NA,38.7,39.16,4.58,4.91,NA,NA,NA,NA,NA,NA,NA,NA,NA,NA,NA,0.642,0,0,NA,0.029,0,NA,NA,NA,NA,NA,NA,NA,NA,NA,NA,NA,NA,NA,NA,NA,NA,NA,NA,NA,NA,NA,"S","S",NA,NA,"S",NA,5.61e-05,""
"ME",2017,249,2017-09-06,8,1,1,NA,9.16,9,NA,38.58,38.89,4.65,4.77,NA,NA,NA,NA,NA,NA,NA,NA,NA,NA,NA,0.626,0,0,NA,0.029,0,NA,NA,NA,NA,NA,NA,NA,NA,NA,NA,NA,NA,NA,NA,NA,NA,NA,NA,NA,NA,NA,"S","S",NA,NA,"S",NA,4.23e-05,""
"ME",2017,249,2017-09-06,10,1,1,NA,9.14,8.97,NA,39,39.13,4.59,4.95,NA,NA,NA,NA,NA,NA,NA,NA,NA,NA,NA,0.612,0,0,NA,0.029,0,NA,NA,NA,NA,NA,NA,NA,NA,NA,NA,NA,NA,NA,NA,NA,NA,NA,NA,NA,NA,NA,"S","S",NA,NA,"S",NA,3.89e-05,""
"ME",2017,249,2017-09-06,12,1,1,NA,9.12,8.98,NA,39.11,39.38,4.62,4.86,NA,NA,NA,NA,NA,NA,NA,NA,NA,NA,NA,0.638,0,0.032,NA,0.032,0,NA,NA,NA,NA,NA,NA,NA,NA,NA,NA,NA,NA,NA,NA,NA,NA,NA,NA,NA,NA,NA,"S",NA,NA,NA,"S",NA,3.21e-05,""
"ME",2017,249,2017-09-06,14,1,1,NA,8.12,9.02,NA,52.03,52.27,4.34,4.51,NA,NA,NA,NA,NA,NA,NA,NA,NA,NA,NA,1.79,0,1.31,NA,0.209,0.178,NA,NA,NA,NA,NA,NA,NA,NA,NA,NA,NA,NA,NA,NA,NA,NA,NA,NA,NA,NA,NA,"S",NA,NA,NA,"Q",NA,2.58e-05,""
"ME",2017,249,2017-09-06,16,1,1,NA,8.04,9,NA,53.28,53.24,4.32,4.66,NA,NA,NA,NA,NA,NA,NA,NA,NA,NA,NA,2.22,0,1.68,NA,0.284,0.219,NA,NA,NA,NA,NA,NA,NA,NA,NA,NA,NA,NA,NA,NA,NA,NA,NA,NA,NA,NA,NA,"S",NA,NA,NA,"Q",NA,2.33e-05,""
"ME",2017,249,2017-09-06,18,1,1,NA,7.99,9.02,NA,55.01,55.01,4.59,4.54,NA,NA,NA,NA,NA,NA,NA,NA,NA,NA,NA,2.77,0,2.2,NA,0.367,0.336,NA,NA,NA,NA,NA,NA,NA,NA,NA,NA,NA,NA,NA,NA,NA,NA,NA,NA,NA,NA,NA,"S",NA,NA,NA,"Q",NA,2e-05,""
"ME",2017,249,2017-09-06,20,1,1,NA,7.91,9,NA,58.54,58.48,4.55,4.77,NA,NA,NA,NA,NA,NA,NA,NA,NA,NA,NA,3.59,0,3.01,NA,0.482,0.441,NA,NA,NA,NA,NA,NA,NA,NA,NA,NA,NA,NA,NA,NA,NA,NA,NA,NA,NA,NA,NA,"S",NA,NA,NA,"Q",NA,2.23e-05,""
"ME",2017,249,2017-09-06,22,1,1,NA,7.89,9,NA,59.25,59.62,4.71,4.89,NA,NA,NA,NA,NA,NA,NA,NA,NA,NA,NA,3.84,0,3.28,NA,0.504,0.459,NA,NA,NA,NA,NA,NA,NA,NA,NA,NA,NA,NA,NA,NA,NA,NA,NA,NA,NA,NA,NA,"S",NA,NA,NA,"Q",NA,1.85e-05,""
"ME",2017,268,2017-09-25,4,1,1,NA,NA,NA,NA,NA,NA,NA,NA,NA,NA,NA,NA,NA,NA,NA,NA,NA,NA,NA,0.581,0,0.019,NA,0.023,0,NA,NA,NA,NA,NA,NA,NA,NA,NA,NA,NA,NA,NA,NA,NA,NA,NA,NA,NA,NA,NA,"S",NA,NA,NA,"S",NA,2.69e-05,""
"ME",2017,277,2017-10-04,4,1,1,NA,9.02,8.88,NA,40.31,40.34,5.06,5.08,NA,NA,NA,NA,NA,NA,NA,NA,NA,NA,NA,0.575,0,0.042,NA,0.102,0,NA,NA,NA,NA,NA,NA,NA,NA,NA,NA,NA,NA,NA,NA,NA,NA,NA,NA,NA,NA,NA,"S","Q",NA,NA,"S",NA,1.54e-05,""
"ME",2017,277,2017-10-04,8,1,1,NA,8.94,8.91,NA,40.46,40.4,4.95,5.33,NA,NA,NA,NA,NA,NA,NA,NA,NA,NA,NA,NA,NA,NA,NA,NA,NA,NA,NA,NA,NA,NA,NA,NA,NA,NA,NA,NA,NA,NA,NA,NA,NA,NA,NA,NA,NA,NA,NA,NA,NA,NA,NA,NA,2.14e-05,""
"ME",2017,277,2017-10-04,20,1,1,NA,7.82,8.8,NA,62.63,62.79,5.43,5.46,NA,NA,NA,NA,NA,NA,NA,NA,NA,NA,NA,4.24,0,3.88,NA,0.544,0.538,NA,NA,NA,NA,NA,NA,NA,NA,NA,NA,NA,NA,NA,NA,NA,NA,NA,NA,NA,NA,NA,"S","Q",NA,NA,"Q",NA,0.00089,""
"ME",2017,306,2017-11-02,4,1,1,NA,8.44,8.82,3746,45.66,46.05,4.55,4.54,NA,NA,NA,1136,1135,101,116,1289,NA,NA,NA,1.31,0.094,0.632,NA,0.101,0.083,NA,NA,NA,NA,NA,NA,NA,NA,NA,NA,NA,NA,NA,NA,NA,NA,NA,NA,NA,NA,NA,NA,NA,NA,NA,NA,NA,0.000707,""
"ME",2017,306,2017-11-02,8,1,1,NA,8.39,8.86,NA,45.87,45.92,4.59,4.51,NA,NA,NA,NA,NA,NA,NA,NA,NA,NA,NA,NA,NA,NA,NA,NA,NA,NA,NA,NA,NA,NA,NA,NA,NA,NA,NA,NA,NA,NA,NA,NA,NA,NA,NA,NA,NA,NA,NA,NA,NA,NA,NA,NA,0.000758,""
"ME",2017,306,2017-11-02,20,1,1,NA,8.44,8.85,3751,45.84,45.91,4.48,4.52,NA,NA,NA,1174,1263,97,109,1301,NA,NA,NA,1.39,0.097,0.636,NA,0.1,0.082,NA,NA,NA,NA,NA,NA,NA,NA,NA,NA,NA,NA,NA,"E",NA,"E","E",NA,NA,NA,NA,NA,NA,NA,NA,NA,NA,0.000502,""
"ME",2017,353,2017-12-19,4,1,1,NA,8.58,8.84,NA,49.3,49.48,4.75,4.66,NA,NA,NA,NA,NA,NA,NA,NA,NA,NA,NA,1.57,0.312,0.71,NA,0.131,0.099,2.49,NA,NA,NA,NA,NA,NA,NA,NA,NA,NA,NA,NA,NA,NA,NA,NA,NA,NA,NA,NA,NA,NA,NA,NA,"Q",NA,9.99e-05,""
"ME",2017,353,2017-12-19,8,1,1,NA,8.58,8.79,NA,49.22,49.53,5.34,4.87,NA,NA,NA,NA,NA,NA,NA,NA,NA,NA,NA,NA,NA,NA,NA,NA,NA,NA,NA,NA,NA,NA,NA,NA,NA,NA,NA,NA,NA,NA,NA,NA,NA,NA,NA,NA,NA,NA,NA,NA,NA,NA,NA,NA,0.000268,""
"ME",2017,353,2017-12-19,20,1,1,NA,8.59,8.8,NA,50,49.68,5.27,4.86,NA,NA,NA,NA,NA,NA,NA,NA,NA,NA,NA,1.54,0.3,0.742,NA,0.124,0.094,2.46,NA,NA,NA,NA,NA,NA,NA,NA,NA,NA,NA,NA,NA,NA,NA,NA,NA,NA,NA,NA,NA,NA,NA,NA,"Q",NA,5.88e-10,""
"ME",2018,23,2018-01-23,4,1,1,NA,8.63,8.85,NA,46.96,47.08,4.68,4.85,NA,NA,NA,NA,NA,NA,NA,NA,NA,NA,NA,1.62,0.363,0.649,NA,0.116,0.085,NA,NA,NA,NA,NA,NA,NA,NA,NA,NA,NA,NA,NA,NA,NA,NA,NA,NA,NA,NA,NA,NA,NA,NA,NA,"Q",NA,1.57e-08,""
"ME",2018,23,2018-01-23,8,1,1,NA,8.59,8.81,3999,46.9,47.08,4.57,4.59,NA,NA,NA,1343,1498,93,115,634,NA,NA,NA,1.65,0.346,0.658,NA,0.118,0.083,NA,NA,NA,NA,NA,NA,NA,NA,NA,NA,NA,NA,NA,NA,NA,NA,NA,NA,NA,NA,NA,NA,NA,NA,NA,"Q",NA,3e-08,""
"ME",2018,23,2018-01-23,12,1,1,NA,NA,NA,NA,NA,NA,NA,NA,NA,NA,NA,NA,NA,NA,NA,NA,NA,NA,NA,1.68,0.34,0.697,NA,0.119,0.091,NA,NA,NA,NA,NA,NA,NA,NA,NA,NA,NA,NA,NA,NA,NA,NA,NA,NA,NA,NA,NA,NA,NA,NA,NA,"Q",NA,8.85e-08,""
"ME",2018,23,2018-01-23,16,1,1,NA,NA,NA,NA,NA,NA,NA,NA,NA,NA,NA,NA,NA,NA,NA,NA,NA,NA,NA,1.78,0.409,0.705,NA,0.124,0.098,NA,NA,NA,NA,NA,NA,NA,NA,NA,NA,NA,NA,NA,NA,NA,NA,NA,NA,NA,NA,NA,NA,NA,NA,NA,"Q",NA,1.03e-06,""
"ME",2018,23,2018-01-23,20,1,1,NA,8.42,8.83,4171,51.78,51.27,4.44,4.46,NA,NA,NA,1704,2002,129,153,1328,NA,NA,NA,2.08,0.663,0.747,NA,0.146,0.136,NA,NA,NA,NA,NA,NA,NA,NA,NA,NA,NA,NA,NA,NA,NA,NA,NA,NA,NA,NA,NA,NA,NA,NA,NA,"Q",NA,5.28e-06,""
"ME",2018,95,2018-04-05,4,1,1,NA,NA,NA,NA,NA,NA,NA,NA,NA,NA,NA,NA,NA,NA,NA,NA,NA,NA,NA,1.98,0.687,0.49,NA,0.16,0.083,NA,NA,NA,NA,NA,NA,NA,NA,NA,NA,NA,NA,NA,NA,NA,NA,NA,NA,NA,NA,NA,NA,NA,NA,NA,NA,NA,5.7e-09,""
"ME",2018,110,2018-04-20,4,1,1,NA,NA,8.87,NA,46.16,47.16,4.77,4.75,NA,NA,NA,NA,NA,NA,NA,NA,NA,NA,NA,1.88,0.674,0.334,NA,0.137,0.068,NA,NA,NA,NA,NA,NA,NA,NA,NA,NA,NA,NA,NA,NA,NA,NA,NA,NA,NA,NA,NA,NA,NA,NA,NA,"Q",NA,2.22e-05,""
"ME",2018,110,2018-04-20,8,1,1,NA,NA,8.91,3905,46.28,46.92,4.77,4.71,NA,NA,NA,1408,1781,85,144,25,NA,NA,NA,1.89,0.666,0.331,NA,0.134,0.069,NA,NA,NA,NA,NA,NA,NA,NA,NA,NA,NA,NA,NA,NA,NA,NA,NA,NA,NA,NA,NA,NA,NA,NA,NA,"Q",NA,1.54e-05,""
"ME",2018,110,2018-04-20,12,1,1,NA,NA,8.89,NA,46.3,47.11,4.72,4.75,NA,NA,NA,NA,NA,NA,NA,NA,NA,NA,NA,1.88,0.682,0.319,NA,0.133,0.068,NA,NA,NA,NA,NA,NA,NA,NA,NA,NA,NA,NA,NA,NA,NA,NA,NA,NA,NA,NA,NA,NA,NA,NA,NA,"Q",NA,3.83e-05,""
"ME",2018,110,2018-04-20,16,1,1,NA,NA,8.86,NA,46.28,47.07,4.74,4.89,NA,NA,NA,NA,NA,NA,NA,NA,NA,NA,NA,1.86,0.669,0.338,NA,0.132,0.068,NA,NA,NA,NA,NA,NA,NA,NA,NA,NA,NA,NA,NA,NA,NA,NA,NA,NA,NA,NA,NA,NA,NA,NA,NA,"Q",NA,4.64e-05,""
"ME",2018,110,2018-04-20,20,1,1,NA,NA,8.89,3922,46.29,47.04,4.81,4.74,NA,NA,NA,1545,1674,87,141,27,NA,NA,NA,1.87,0.674,0.327,NA,0.131,0.064,NA,NA,NA,NA,NA,NA,NA,NA,NA,NA,NA,NA,"E",NA,"E","E",NA,NA,NA,NA,NA,NA,NA,NA,NA,"Q",NA,6.94e-05,""
"ME",2018,127,2018-05-07,4,1,1,NA,NA,NA,NA,NA,NA,NA,NA,NA,NA,NA,NA,NA,NA,NA,NA,NA,NA,NA,1.64,0.698,0.081,NA,0.101,0.035,NA,NA,NA,NA,NA,NA,NA,NA,NA,NA,NA,NA,NA,NA,NA,NA,NA,NA,NA,NA,NA,NA,NA,NA,NA,"Q",NA,2.85e-05,""
"ME",2018,134,2018-05-14,4,1,1,NA,8.83,8.93,NA,44.75,45.35,4.88,5,NA,NA,NA,NA,NA,NA,NA,NA,NA,NA,NA,1.58,0.632,0.197,NA,0.099,0.049,NA,NA,NA,NA,NA,NA,NA,NA,NA,NA,NA,NA,NA,NA,NA,NA,NA,NA,NA,NA,NA,NA,NA,NA,NA,"Q",NA,3.74e-05,""
"ME",2018,134,2018-05-14,8,1,1,NA,8.84,8.94,NA,44.9,45.36,4.98,4.97,NA,NA,NA,NA,NA,NA,NA,NA,NA,NA,NA,NA,NA,NA,NA,NA,NA,NA,NA,NA,NA,NA,NA,NA,NA,NA,NA,NA,NA,NA,NA,NA,NA,NA,NA,NA,NA,NA,NA,NA,NA,NA,NA,NA,2.16e-05,""
"ME",2018,134,2018-05-14,12,1,1,NA,8.76,8.89,NA,45.64,45.66,4.85,4.94,NA,NA,NA,NA,NA,NA,NA,NA,NA,NA,NA,NA,NA,NA,NA,NA,NA,NA,NA,NA,NA,NA,NA,NA,NA,NA,NA,NA,NA,NA,NA,NA,NA,NA,NA,NA,NA,NA,NA,NA,NA,NA,NA,NA,1.52e-05,""
"ME",2018,134,2018-05-14,16,1,1,NA,8.67,8.89,NA,45.87,46.01,4.87,4.85,NA,NA,NA,NA,NA,NA,NA,NA,NA,NA,NA,NA,NA,NA,NA,NA,NA,NA,NA,NA,NA,NA,NA,NA,NA,NA,NA,NA,NA,NA,NA,NA,NA,NA,NA,NA,NA,NA,NA,NA,NA,NA,NA,NA,1.02e-05,""
"ME",2018,134,2018-05-14,20,1,1,NA,8.49,8.86,NA,47.04,47.28,4.89,4.94,NA,NA,NA,NA,NA,NA,NA,NA,NA,NA,NA,1.71,0.624,0.402,NA,0.122,0.088,0.785,NA,NA,NA,NA,NA,NA,NA,NA,NA,NA,NA,NA,NA,NA,NA,NA,NA,NA,NA,NA,NA,NA,NA,NA,"Q",NA,8.48e-06,""
"ME",2018,149,2018-05-29,4,1,1,NA,NA,NA,NA,NA,NA,NA,NA,NA,NA,NA,NA,NA,NA,NA,NA,NA,NA,NA,1.54,0.609,0.227,NA,0.08,0.053,NA,NA,NA,NA,NA,NA,NA,NA,NA,NA,NA,NA,NA,NA,NA,NA,NA,NA,NA,NA,NA,NA,NA,NA,NA,"Q",NA,3.46e-06,""
"ME",2018,162,2018-06-11,4,1,1,NA,9.12,9.08,NA,43.16,43.27,5.86,6.05,NA,NA,NA,NA,NA,NA,NA,NA,NA,NA,NA,1.38,0.424,0.195,NA,0.056,0.023,0.996,NA,NA,NA,NA,NA,NA,NA,NA,NA,NA,NA,NA,NA,NA,NA,NA,NA,NA,NA,NA,NA,NA,NA,NA,NA,NA,3.04e-05,""
"ME",2018,162,2018-06-11,8,1,1,NA,8.47,8.92,NA,46.46,46.52,5.1,5.2,NA,NA,NA,NA,NA,NA,NA,NA,NA,NA,NA,1.67,0.786,0.209,NA,0.122,0.1,NA,NA,NA,NA,NA,NA,NA,NA,NA,NA,NA,NA,NA,NA,NA,NA,NA,NA,NA,NA,NA,NA,NA,NA,NA,NA,NA,3.49e-05,""
"ME",2018,162,2018-06-11,10,1,1,NA,8.42,8.88,NA,46.89,46.78,5.04,5.15,NA,NA,NA,NA,NA,NA,NA,NA,NA,NA,NA,1.65,0.824,0.199,NA,0.127,0.108,NA,NA,NA,NA,NA,NA,NA,NA,NA,NA,NA,NA,NA,NA,NA,NA,NA,NA,NA,NA,NA,NA,NA,NA,NA,NA,NA,3.62e-05,""
"ME",2018,162,2018-06-11,12,1,1,NA,8.34,8.89,NA,47.05,46.95,5.26,5.91,NA,NA,NA,NA,NA,NA,NA,NA,NA,NA,NA,1.66,0.882,0.16,NA,0.133,0.111,NA,NA,NA,NA,NA,NA,NA,NA,NA,NA,NA,NA,NA,NA,NA,NA,NA,NA,NA,NA,NA,NA,NA,NA,NA,NA,NA,3.56e-05,""
"ME",2018,162,2018-06-11,14,1,1,NA,8.25,8.92,NA,47.92,47.57,5.25,5.43,NA,NA,NA,NA,NA,NA,NA,NA,NA,NA,NA,1.71,0.888,0.201,NA,0.15,0.127,NA,NA,NA,NA,NA,NA,NA,NA,NA,NA,NA,NA,NA,NA,NA,NA,NA,NA,NA,NA,NA,NA,NA,NA,NA,NA,NA,2.95e-05,""
"ME",2018,162,2018-06-11,16,1,1,NA,8.23,8.9,NA,47.89,47.75,4.94,5.24,NA,NA,NA,NA,NA,NA,NA,NA,NA,NA,NA,1.79,0.865,0.28,NA,0.159,0.144,NA,NA,NA,NA,NA,NA,NA,NA,NA,NA,NA,NA,NA,NA,NA,NA,NA,NA,NA,NA,NA,NA,NA,NA,NA,NA,NA,3.04e-05,""
"ME",2018,162,2018-06-11,18,1,1,NA,8.17,8.87,NA,48.58,48.46,4.98,5.12,NA,NA,NA,NA,NA,NA,NA,NA,NA,NA,NA,1.85,0.852,0.333,NA,0.176,0.173,NA,NA,NA,NA,NA,NA,NA,NA,NA,NA,NA,NA,NA,NA,NA,NA,NA,NA,NA,NA,NA,NA,NA,NA,NA,NA,NA,3.68e-05,""
"ME",2018,162,2018-06-11,20,1,1,NA,8.15,8.89,NA,48.42,48.62,5.01,5.25,NA,NA,NA,NA,NA,NA,NA,NA,NA,NA,NA,1.91,0.834,0.345,NA,0.183,0.179,2.31,NA,NA,NA,NA,NA,NA,NA,NA,NA,NA,NA,NA,NA,NA,NA,NA,NA,NA,NA,NA,NA,NA,NA,NA,NA,NA,2.83e-05,""
"ME",2018,162,2018-06-11,22,1,1,NA,8.1,8.71,NA,49.2,49.42,5.05,5.45,NA,NA,NA,NA,NA,NA,NA,NA,NA,NA,NA,1.99,0.72,0.554,NA,0.214,0.187,NA,NA,NA,NA,NA,NA,NA,NA,NA,NA,NA,NA,NA,NA,NA,NA,NA,NA,NA,NA,NA,NA,NA,NA,NA,NA,NA,2.07e-05,""
"ME",2018,176,2018-06-25,4,1,1,NA,NA,NA,NA,NA,NA,NA,NA,NA,NA,NA,NA,NA,NA,NA,NA,NA,NA,NA,1.34,0.417,0.173,NA,0.068,0.029,1.57,NA,NA,NA,NA,NA,NA,NA,NA,NA,NA,NA,NA,NA,NA,NA,NA,NA,NA,NA,NA,NA,NA,NA,NA,NA,NA,4.5e-06,""
"ME",2018,190,2018-07-09,4,1,1,NA,9.37,9.24,NA,37.81,36.86,5.93,6.21,NA,NA,NA,NA,NA,NA,NA,NA,NA,NA,NA,0.816,0,0,NA,0.041,0,NA,NA,NA,NA,NA,NA,NA,NA,NA,NA,NA,NA,NA,NA,NA,NA,NA,NA,NA,NA,NA,"S","S",NA,NA,"S",NA,5.37e-06,""
"ME",2018,190,2018-07-09,8,1,1,NA,8.43,8.84,NA,45.74,45.89,5.41,5.52,NA,NA,NA,NA,NA,NA,NA,NA,NA,NA,NA,1.34,0.491,0.242,NA,0.03,0.007,NA,NA,NA,NA,NA,NA,NA,NA,NA,NA,NA,NA,NA,NA,NA,NA,NA,NA,NA,NA,NA,NA,NA,NA,NA,NA,NA,1.14e-05,""
"ME",2018,190,2018-07-09,10,1,1,NA,8.15,8.91,NA,48.29,47.84,5.35,5.34,NA,NA,NA,NA,NA,NA,NA,NA,NA,NA,NA,1.57,0.789,0.216,NA,0.117,0.094,NA,NA,NA,NA,NA,NA,NA,NA,NA,NA,NA,NA,NA,NA,NA,NA,NA,NA,NA,NA,NA,NA,NA,NA,NA,NA,NA,1.16e-05,""
"ME",2018,190,2018-07-09,12,1,1,NA,8.06,8.89,NA,49.37,48.63,5.05,5.24,NA,NA,NA,NA,NA,NA,NA,NA,NA,NA,NA,1.66,0.824,0.261,NA,0.18,0.159,NA,NA,NA,NA,NA,NA,NA,NA,NA,NA,NA,NA,NA,NA,NA,NA,NA,NA,NA,NA,NA,NA,NA,NA,NA,NA,NA,1.11e-05,""
"ME",2018,190,2018-07-09,14,1,1,NA,8.05,8.77,NA,49.41,49.16,5.13,5.15,NA,NA,NA,NA,NA,NA,NA,NA,NA,NA,NA,1.7,0.872,0.268,NA,0.185,0.167,NA,NA,NA,NA,NA,NA,NA,NA,NA,NA,NA,NA,NA,NA,NA,NA,NA,NA,NA,NA,NA,NA,NA,NA,NA,NA,NA,8.99e-06,""
"ME",2018,190,2018-07-09,16,1,1,NA,8.02,8.83,NA,49.99,49.79,5.34,5.24,NA,NA,NA,NA,NA,NA,NA,NA,NA,NA,NA,1.79,0.772,0.448,NA,0.218,0.199,NA,NA,NA,NA,NA,NA,NA,NA,NA,NA,NA,NA,NA,NA,NA,NA,NA,NA,NA,NA,NA,NA,NA,NA,NA,NA,NA,9.13e-06,""
"ME",2018,190,2018-07-09,18,1,1,NA,8.01,8.85,NA,50.29,50.18,5.25,5.46,NA,NA,NA,NA,NA,NA,NA,NA,NA,NA,NA,1.86,0.671,0.598,NA,0.239,0.216,NA,NA,NA,NA,NA,NA,NA,NA,NA,NA,NA,NA,NA,NA,NA,NA,NA,NA,NA,NA,NA,NA,NA,NA,NA,NA,NA,1.12e-05,""
"ME",2018,190,2018-07-09,20,1,1,NA,7.99,8.82,NA,50.81,50.68,5.26,5.39,NA,NA,NA,NA,NA,NA,NA,NA,NA,NA,NA,1.92,0.506,0.763,NA,0.268,0.239,3.8,NA,NA,NA,NA,NA,NA,NA,NA,NA,NA,NA,NA,NA,NA,NA,NA,NA,NA,NA,NA,NA,NA,NA,NA,NA,NA,1.27e-05,""
"ME",2018,190,2018-07-09,22,1,1,NA,8,8.83,NA,51.43,51.19,5.58,5.49,NA,NA,NA,NA,NA,NA,NA,NA,NA,NA,NA,1.98,0.435,0.926,NA,0.288,0.26,NA,NA,NA,NA,NA,NA,NA,NA,NA,NA,NA,NA,NA,NA,NA,NA,NA,NA,NA,NA,NA,NA,NA,NA,NA,NA,NA,8.72e-06,""
"ME",2018,204,2018-07-23,4,1,1,NA,NA,NA,NA,NA,NA,NA,NA,NA,NA,NA,NA,NA,NA,NA,NA,NA,NA,NA,0.827,0,0.017,NA,0.038,0,1.01,NA,NA,NA,NA,NA,NA,NA,NA,NA,NA,NA,NA,NA,NA,NA,NA,NA,NA,NA,NA,"S","Q",NA,NA,"S",NA,4.7e-05,""
"ME",2018,218,2018-08-06,4,1,1,NA,9.29,9.17,3160,34.18,35.09,5.19,5.19,NA,NA,NA,458,620,8,23,581,NA,NA,NA,0.623,0,0,NA,0.019,0,1.27,NA,NA,NA,NA,NA,NA,NA,NA,NA,NA,NA,NA,NA,NA,NA,NA,NA,NA,NA,NA,"S","S",NA,NA,"S",NA,2.31e-05,""
"ME",2018,218,2018-08-06,6,1,1,NA,9.25,9.16,3214,35.17,35.35,4.97,5.13,NA,NA,NA,445,620,7,21,599,NA,NA,NA,NA,NA,NA,NA,NA,NA,NA,NA,NA,NA,NA,NA,NA,NA,NA,NA,NA,NA,NA,NA,NA,NA,NA,NA,NA,NA,NA,NA,NA,NA,NA,NA,NA,3.95e-05,""
"ME",2018,218,2018-08-06,8,1,1,NA,8.98,9.05,3217,37.5,37.08,4.82,5.01,NA,NA,NA,465,654,5,21,591,NA,NA,NA,0.648,0,0,NA,0.019,0,NA,NA,NA,NA,NA,NA,NA,NA,NA,NA,NA,NA,NA,NA,NA,NA,NA,NA,NA,NA,NA,"S","S",NA,NA,"S",NA,5.17e-05,""
"ME",2018,218,2018-08-06,10,1,1,NA,8.13,8.88,NA,48.41,48.22,4.75,4.78,NA,NA,NA,NA,NA,NA,NA,NA,NA,NA,NA,1.53,0.557,0.25,NA,0.082,0.059,NA,NA,NA,NA,NA,NA,NA,NA,NA,NA,NA,NA,NA,NA,NA,NA,NA,NA,NA,NA,NA,NA,NA,NA,NA,NA,NA,6.13e-05,""
"ME",2018,218,2018-08-06,12,1,1,NA,8.07,8.84,3935,49.22,49.24,4.68,4.77,NA,NA,NA,1401,1435,147,147,1473,NA,NA,NA,1.55,0.589,0.331,NA,0.155,0.133,NA,NA,NA,NA,NA,NA,NA,NA,NA,NA,NA,NA,"E",NA,"E",NA,NA,NA,NA,NA,NA,NA,NA,NA,NA,NA,NA,6.49e-05,""
"ME",2018,218,2018-08-06,14,1,1,NA,8.04,8.85,NA,49.38,49.68,4.6,4.68,NA,NA,NA,NA,NA,NA,NA,NA,NA,NA,NA,1.67,0.561,0.452,NA,0.196,0.206,NA,NA,NA,NA,NA,NA,NA,NA,NA,NA,NA,NA,NA,NA,NA,NA,NA,NA,NA,NA,NA,NA,NA,NA,NA,NA,NA,5.64e-05,""
"ME",2018,218,2018-08-06,16,1,1,NA,8.02,8.85,4007,49.66,49.98,4.96,4.91,NA,NA,NA,1555,1577,202,217,1565,NA,NA,NA,1.75,0.449,0.63,NA,0.23,0.206,NA,NA,NA,NA,NA,NA,NA,NA,NA,NA,NA,NA,NA,NA,NA,NA,NA,NA,NA,NA,NA,NA,NA,NA,NA,NA,NA,5.67e-05,""
"ME",2018,218,2018-08-06,18,1,1,NA,8.01,8.86,NA,50.7,51.19,4.65,4.91,NA,NA,NA,NA,NA,NA,NA,NA,NA,NA,NA,1.83,0.227,0.881,NA,0.267,0.241,NA,NA,NA,NA,NA,NA,NA,NA,NA,NA,NA,NA,NA,NA,NA,NA,NA,NA,NA,NA,NA,NA,NA,NA,NA,NA,NA,4.56e-05,""
"ME",2018,218,2018-08-06,20,1,1,NA,7.96,8.87,4101,51.45,52.54,4.86,4.84,NA,NA,NA,1676,1785,283,305,1928,NA,NA,NA,1.95,0,1.22,NA,0.311,0.276,4.48,NA,NA,NA,NA,NA,NA,NA,NA,NA,NA,NA,NA,NA,NA,NA,NA,NA,NA,NA,NA,"S",NA,NA,NA,NA,NA,3.87e-05,""
"ME",2018,218,2018-08-06,22,1,1,NA,7.92,8.84,4131,53.53,53.65,4.9,4.95,NA,NA,NA,2024,2079,337,353,2265,NA,NA,NA,2.24,0,1.55,NA,0.358,0.321,NA,NA,NA,NA,NA,NA,NA,NA,NA,NA,NA,NA,NA,NA,NA,NA,NA,NA,NA,NA,NA,"S",NA,NA,NA,NA,NA,3.44e-05,""
"ME",2018,234,2018-08-22,4,1,1,NA,NA,NA,NA,NA,NA,NA,NA,NA,NA,NA,NA,NA,NA,NA,NA,NA,NA,NA,0.62,0,0,NA,0.025,0,1.47,NA,NA,NA,NA,NA,NA,NA,NA,NA,NA,NA,NA,NA,NA,NA,NA,NA,NA,NA,NA,"S","S",NA,NA,"S",NA,4.81e-06,""
"ME",2018,247,2018-09-04,4,1,1,NA,9.12,9.07,NA,35,35.15,5.72,5.89,NA,NA,NA,NA,NA,NA,NA,NA,NA,NA,NA,0.599,0,0,NA,0.028,0,2.04,NA,NA,NA,NA,NA,NA,NA,NA,NA,NA,NA,NA,NA,NA,NA,NA,NA,NA,NA,NA,"S","S",NA,NA,"S",NA,7.88e-05,""
"ME",2018,247,2018-09-04,8,1,1,NA,9.08,8.98,NA,35.07,35.12,5.7,5.68,NA,NA,NA,NA,NA,NA,NA,NA,NA,NA,NA,0.565,0,0.016,NA,0.024,0.002,NA,NA,NA,NA,NA,NA,NA,NA,NA,NA,NA,NA,NA,NA,NA,NA,NA,NA,NA,NA,NA,"S",NA,NA,NA,"Q",NA,5.23e-05,""
"ME",2018,247,2018-09-04,10,1,1,NA,8.43,8.93,NA,41.2,41.09,5.43,5.53,NA,NA,NA,NA,NA,NA,NA,NA,NA,NA,NA,0.813,0.095,0.174,NA,0.035,0.01,NA,NA,NA,NA,NA,NA,NA,NA,NA,NA,NA,NA,NA,NA,NA,NA,NA,NA,NA,NA,NA,NA,NA,NA,NA,"Q",NA,5.46e-05,""
"ME",2018,247,2018-09-04,12,1,1,NA,8.08,8.67,NA,50.24,50.15,5.46,5.64,NA,NA,NA,NA,NA,NA,NA,NA,NA,NA,NA,1.32,0.049,0.636,NA,0.148,0.126,NA,NA,NA,NA,NA,NA,NA,NA,NA,NA,NA,NA,NA,NA,NA,NA,NA,NA,NA,NA,NA,NA,NA,NA,NA,"Q",NA,5.41e-05,""
"ME",2018,247,2018-09-04,14,1,1,NA,8.07,8.92,NA,51.24,51.57,5.46,5.62,NA,NA,NA,NA,NA,NA,NA,NA,NA,NA,NA,1.38,0,0.692,NA,0.175,0.159,NA,NA,NA,NA,NA,NA,NA,NA,NA,NA,NA,NA,NA,NA,NA,NA,NA,NA,NA,NA,NA,"S",NA,NA,NA,"Q",NA,4.3e-05,""
"ME",2018,247,2018-09-04,16,1,1,NA,8.03,8.93,NA,53.02,52.62,5.43,5.78,NA,NA,NA,NA,NA,NA,NA,NA,NA,NA,NA,1.68,0,0.997,NA,0.261,0.232,NA,NA,NA,NA,NA,NA,NA,NA,NA,NA,NA,NA,NA,NA,NA,NA,NA,NA,NA,NA,NA,"S",NA,NA,NA,"Q",NA,3.56e-05,""
"ME",2018,247,2018-09-04,18,1,1,NA,8.01,7.93,NA,53.5,53.72,5.49,5.69,NA,NA,NA,NA,NA,NA,NA,NA,NA,NA,NA,1.89,0,1.26,NA,0.298,0.273,NA,NA,NA,NA,NA,NA,NA,NA,NA,NA,NA,NA,NA,NA,NA,NA,NA,NA,NA,NA,NA,"S",NA,NA,NA,"Q",NA,2.75e-05,""
"ME",2018,247,2018-09-04,20,1,1,NA,7.96,8.89,NA,55.57,55.3,5.46,5.91,NA,NA,NA,NA,NA,NA,NA,NA,NA,NA,NA,2.44,0,1.76,NA,0.384,0.357,4.93,NA,NA,NA,NA,NA,NA,NA,NA,NA,NA,NA,NA,NA,NA,NA,NA,NA,NA,NA,NA,"S",NA,NA,NA,"Q",NA,2.29e-05,""
"ME",2018,247,2018-09-04,22,1,1,NA,7.94,8.9,NA,56.24,56.63,5.6,6.09,NA,NA,NA,NA,NA,NA,NA,NA,NA,NA,NA,2.69,0,2,NA,0.42,0.389,NA,NA,NA,NA,NA,NA,NA,NA,NA,NA,NA,NA,NA,NA,NA,NA,NA,NA,NA,NA,NA,"S",NA,NA,NA,"Q",NA,1.99e-05,""
"ME",2018,262,2018-09-19,4,1,1,NA,NA,NA,NA,NA,NA,NA,NA,NA,NA,NA,NA,NA,NA,NA,NA,NA,NA,NA,0.687,0,0,NA,0.034,0,2.34,NA,NA,NA,NA,NA,NA,NA,NA,NA,NA,NA,NA,NA,NA,NA,NA,NA,NA,NA,NA,"S","S",NA,NA,"S",NA,2.31e-05,""
"ME",2018,275,2018-10-02,4,1,1,NA,8.91,8.73,NA,39.8,40.22,4.72,4.82,NA,NA,NA,NA,NA,NA,NA,NA,NA,NA,NA,0.71,0,0.092,NA,0.041,0.006,2.55,NA,NA,NA,NA,NA,NA,NA,NA,NA,NA,NA,NA,NA,NA,NA,NA,NA,NA,NA,NA,"S",NA,NA,NA,"Q",NA,0.000102,""
"ME",2018,275,2018-10-02,8,1,1,NA,8.89,8.83,NA,40.68,40.35,4.8,4.72,NA,NA,NA,NA,NA,NA,NA,NA,NA,NA,NA,NA,NA,NA,NA,NA,NA,NA,NA,NA,NA,NA,NA,NA,NA,NA,NA,NA,NA,NA,NA,NA,NA,NA,NA,NA,NA,NA,NA,NA,NA,NA,NA,NA,0.00025,""
"ME",2018,275,2018-10-02,20,1,1,NA,7.93,8.62,NA,57.95,58.88,4.94,4.71,NA,NA,NA,NA,NA,NA,NA,NA,NA,NA,NA,2.72,0,2.11,NA,0.436,0.467,5.06,NA,NA,NA,NA,NA,NA,NA,NA,NA,NA,NA,NA,NA,NA,NA,NA,NA,NA,NA,NA,"S",NA,NA,NA,"Q",NA,6.02e-05,""
"ME",2018,291,2018-10-18,4,1,1,NA,NA,NA,NA,NA,NA,NA,NA,NA,NA,NA,NA,NA,NA,NA,NA,NA,NA,NA,0.973,0.097,0.242,NA,0.083,0.033,3.25,NA,NA,NA,NA,NA,NA,NA,NA,NA,NA,NA,NA,NA,NA,NA,NA,NA,NA,NA,NA,NA,NA,NA,NA,"Q",NA,0.000516,""
"ME",2018,302,2018-10-29,4,1,1,NA,8.38,8.78,3507,44.63,44.89,4.76,4.7,NA,NA,NA,1058,1246,104,116,1602,NA,NA,NA,1.17,0.118,0.448,NA,0.121,0.098,3.55,NA,NA,NA,NA,NA,NA,NA,NA,NA,NA,NA,NA,NA,NA,NA,NA,NA,NA,NA,NA,NA,NA,NA,NA,"Q",NA,0.000727,""
"ME",2018,302,2018-10-29,8,1,1,NA,8.39,8.76,NA,44.67,45.19,4.73,4.85,NA,NA,NA,NA,NA,NA,NA,NA,NA,NA,NA,NA,NA,NA,NA,NA,NA,NA,NA,NA,NA,NA,NA,NA,NA,NA,NA,NA,NA,NA,NA,NA,NA,NA,NA,NA,NA,NA,NA,NA,NA,NA,NA,NA,0.000775,""
"ME",2018,302,2018-10-29,20,1,1,NA,8.35,8.76,3573,44.96,45.24,4.66,4.69,NA,NA,NA,1092,1126,105,116,1573,NA,NA,NA,1.15,0.11,0.457,NA,0.12,0.09,3.12,NA,NA,NA,NA,NA,NA,NA,NA,NA,NA,NA,"E",NA,"E",NA,"E",NA,NA,NA,NA,NA,NA,NA,NA,"Q",NA,0.000505,""
"ME",2018,318,2018-11-14,4,1,1,NA,NA,NA,NA,NA,NA,NA,NA,NA,NA,NA,NA,NA,NA,NA,NA,NA,NA,NA,1.32,0.227,0.511,NA,0.13,0.106,4.03,NA,NA,NA,NA,NA,NA,NA,NA,NA,NA,NA,NA,NA,NA,NA,NA,NA,NA,NA,NA,NA,NA,NA,NA,"Q",NA,0.000375,""
"ME",2018,334,2018-11-30,4,1,1,NA,8.54,8.73,NA,43.94,44.2,2.69,4.59,NA,NA,NA,NA,NA,NA,NA,NA,NA,NA,NA,1.4,0.368,0.496,NA,0.129,0.11,4.23,NA,NA,NA,NA,NA,NA,NA,NA,NA,NA,NA,NA,NA,NA,NA,NA,NA,NA,NA,NA,NA,NA,NA,NA,"Q",NA,2e-04,""
"ME",2018,334,2018-11-30,8,1,1,NA,8.54,8.68,NA,43.85,44.27,5.59,4.59,NA,NA,NA,NA,NA,NA,NA,NA,NA,NA,NA,NA,NA,NA,NA,NA,NA,NA,NA,NA,NA,NA,NA,NA,NA,NA,NA,NA,NA,NA,NA,NA,NA,NA,NA,NA,NA,NA,NA,NA,NA,NA,NA,NA,0.000377,""
"ME",2018,334,2018-11-30,20,1,1,NA,8.53,8.67,NA,43.98,44.17,2.64,4.62,NA,NA,NA,NA,NA,NA,NA,NA,NA,NA,NA,1.4,0.349,0.486,NA,0.132,0.11,3.97,NA,NA,NA,NA,NA,NA,NA,NA,NA,NA,NA,NA,NA,NA,NA,NA,NA,NA,NA,NA,NA,NA,NA,NA,"Q",NA,8.67e-05,""
